2417263	ins_937481620,M3_2,j_2914463,1,Failed,335146,335152,m_4026,1,1,,,,
9553407	ins_1179324834,task_LTg0MTUwNTA5Mjg4MDkwNjIzMA==,j_2420034,10,Failed,591763,591765,m_4026,1,1,,,,
17342579	ins_1198291473,M3_2,j_3162875,1,Failed,337958,337965,m_4026,1,1,,,,
27052472	ins_826873082,M3_2,j_2119228,1,Failed,337169,337175,m_4026,1,1,,,,
32773558	ins_325387818,M3_2,j_4024609,1,Failed,334156,334163,m_4026,1,1,,,,
36056688	ins_60075130,M1,j_3691525,1,Failed,230060,230244,m_4026,3,5,,,,
36062496	ins_443572928,M1,j_3691525,1,Failed,230249,0,m_4026,4,5,,,,
36064326	ins_281989193,M1,j_3691525,1,Failed,229871,230055,m_4026,2,5,,,,
36065228	ins_1079363915,M1,j_3691525,1,Failed,229329,229873,m_4026,1,4,,,,
36066242	ins_1136741939,M1,j_3691525,1,Failed,229329,229868,m_4026,1,4,,,,
36067683	ins_1282881786,M1,j_3691525,1,Failed,229875,230057,m_4026,2,4,,,,
36078136	ins_16262224,M1,j_3691525,1,Failed,230057,230241,m_4026,3,4,,,,
36901833	ins_4958757,task_LTg0MTUwNTA5Mjg4MDkwNjIzMA==,j_474959,10,Failed,675425,675426,m_4026,1,1,,,,
39308814	ins_373753011,task_LTg0MTUwNTA5Mjg4MDkwNjIzMA==,j_3129246,10,Failed,589874,589875,m_4026,1,1,,,,
40180484	ins_1238878976,M6,j_4185435,1,Failed,633861,0,m_4026,1,2,,,,
41380411	ins_272540985,M3_2,j_1363813,1,Failed,337082,337088,m_4026,1,1,,,,
42669777	ins_1025254266,M3_2,j_2709818,1,Failed,337588,337596,m_4026,1,1,,,,
42935551	ins_1009073112,M3_2,j_3006904,1,Failed,337242,337247,m_4026,1,1,,,,
45663742	ins_456512225,M3_2,j_2007497,1,Failed,334376,334382,m_4026,1,1,,,,
46132478	ins_1176421533,J14_6_13,j_2517618,1,Failed,515477,516057,m_4026,1,2,,,,
52499736	ins_1012304790,M3_2,j_1725624,1,Failed,335030,335036,m_4026,1,1,,,,
53824485	ins_1045792146,M3_2,j_3431032,1,Failed,334327,334333,m_4026,1,1,,,,
55595512	ins_266974503,J16_6_10_15,j_1015313,1,Failed,291663,0,m_4026,1,2,,,,
56016255	ins_481645831,M1,j_1544992,1,Failed,487746,0,m_4026,1,2,,,,
56589705	ins_154199109,task_LTg0MTUwNTA5Mjg4MDkwNjIzMA==,j_2242465,10,Failed,248898,248899,m_4026,1,1,,,,
56893428	ins_703324585,M3_2,j_2577860,1,Failed,337078,337085,m_4026,1,1,,,,
59939768	ins_1189251950,M3_2,j_1927008,1,Failed,186419,186816,m_4026,1,2,,,,
63692515	ins_768037778,M3_2,j_2095648,1,Failed,337231,337238,m_4026,1,1,,,,
72454421	ins_233571098,task_LTg0MTUwNTA5Mjg4MDkwNjIzMA==,j_3340074,10,Failed,589601,589602,m_4026,1,1,,,,
73469140	ins_1145508466,M3_2,j_642011,1,Failed,335704,335710,m_4026,1,1,,,,
75532830	ins_635762049,task_LTg0MTUwNTA5Mjg4MDkwNjIzMA==,j_2872674,10,Failed,589874,589877,m_4026,1,1,,,,
76400370	ins_922450347,M3_2,j_3907044,1,Failed,338296,338303,m_4026,1,1,,,,
85271683	ins_702738839,task_NDg2ODM2NDIyMDczNDQ4NzMzOA==,j_1443837,11,Failed,622188,0,m_4026,1,2,,,,
86864255	ins_873230786,J14_2_3_4_5_9_10_11_12_13_17_18_19_20_21_22,j_3342723,1,Failed,365492,0,m_4026,1,2,,,,
91000582	ins_427892800,M1,j_3884386,1,Failed,328824,328950,m_4026,2,4,,,,
91002861	ins_1042914059,M1,j_3884386,1,Failed,328696,328822,m_4026,1,5,,,,
91006681	ins_239428563,M1,j_3884386,1,Failed,328792,328929,m_4026,1,3,,,,
91007554	ins_1318114120,M1,j_3884386,1,Failed,328938,329060,m_4026,2,4,,,,
91014169	ins_779373745,M1,j_3884386,1,Failed,328875,329037,m_4026,2,3,,,,
91027253	ins_1313681824,M1,j_3884386,1,Failed,329041,0,m_4026,3,4,,,,
91031737	ins_825882608,M1,j_3884386,1,Failed,328697,328864,m_4026,1,4,,,,
91032205	ins_1210871950,M1,j_3884386,1,Failed,328964,329092,m_4026,3,4,,,,
93185813	ins_1182900298,task_ODg3NTU4NTE3NDcxODA4NjA5Ng==,j_2364298,3,Failed,323212,0,m_4026,1,2,,,,
93946327	ins_724119438,M1,j_3257429,1,Failed,219928,219966,m_4026,2,3,,,,
93946704	ins_1056525297,M1,j_3257429,1,Failed,219818,219931,m_4026,1,4,,,,
93950460	ins_520961967,M1,j_3257429,1,Failed,219818,219926,m_4026,1,3,,,,
93962842	ins_571302704,M1,j_3257429,1,Failed,219932,219970,m_4026,2,3,,,,
93969785	ins_983410492,M1,j_3257429,1,Failed,219932,219972,m_4026,2,4,,,,
93969906	ins_1010983003,M1,j_3257429,1,Failed,219817,219930,m_4026,1,3,,,,
100374711	ins_488234898,M3_2,j_2008927,1,Failed,337787,337792,m_4026,1,1,,,,
102789617	ins_1179890802,task_LTg0MTUwNTA5Mjg4MDkwNjIzMA==,j_401678,10,Failed,587157,587157,m_4026,1,1,,,,
105727042	ins_956622899,M3_2,j_3894317,1,Failed,338703,338710,m_4026,1,1,,,,
109130223	ins_338474707,task_OTg1NjA1OTIxMzA4ODkxNg==,j_3759561,8,Failed,298783,300275,m_4026,1,2,,,,
114383257	ins_634992875,task_LTg0MTUwNTA5Mjg4MDkwNjIzMA==,j_1357617,10,Failed,589874,589875,m_4026,1,1,,,,
123024624	ins_1935977,M3_2,j_3033551,1,Failed,335166,335172,m_4026,1,1,,,,
123528425	ins_499923223,M1,j_3648179,1,Failed,585599,0,m_4026,1,2,,,,
123529151	ins_769758681,M1,j_3648179,1,Failed,585600,0,m_4026,1,2,,,,
123533307	ins_526959071,M1,j_3648179,1,Failed,585600,0,m_4026,1,2,,,,
139291081	ins_1191088237,M3_2,j_665409,1,Failed,335176,335182,m_4026,1,1,,,,
141281097	ins_1186990700,task_LTcyMjgzNTU0Nzk1OTg3NTA5MzM=,j_2743816,12,Failed,546495,0,m_4026,1,2,,,,
141283915	ins_918950969,task_LTcyMjgzNTU0Nzk1OTg3NTA5MzM=,j_2743816,12,Failed,546369,0,m_4026,1,2,,,,
141304267	ins_1206391446,task_LTcyMjgzNTU0Nzk1OTg3NTA5MzM=,j_2743816,12,Failed,546541,0,m_4026,1,2,,,,
142075743	ins_32584179,J6_1_5,j_3511548,1,Failed,169725,170171,m_4026,1,2,,,,
150292945	ins_1320462370,M3_2,j_413703,1,Failed,336121,336127,m_4026,1,1,,,,
150305662	ins_1166064519,M3_2,j_437455,1,Failed,334489,334496,m_4026,1,1,,,,
152026504	ins_1009143127,M6,j_2398285,1,Failed,142902,0,m_4026,1,2,,,,
154055332	ins_422820875,M1,j_746709,1,Failed,313724,313732,m_4026,2,3,,,,
154056066	ins_116829369,M1,j_746709,1,Failed,313694,313702,m_4026,1,3,,,,
154057936	ins_106791615,M1,j_746709,1,Failed,313695,313701,m_4026,1,3,,,,
154063276	ins_685495734,M1,j_746709,1,Failed,313716,313722,m_4026,2,3,,,,
154067181	ins_1266399478,M1,j_746709,1,Failed,313715,313717,m_4026,2,4,,,,
162946952	ins_345523448,M3_2,j_2294163,1,Failed,466346,0,m_4026,1,2,,,,
166658500	ins_385221170,M1,j_2278838,1,Failed,313807,0,m_4026,3,4,,,,
166659803	ins_600258259,M1,j_2278838,1,Failed,313793,313798,m_4026,2,3,,,,
166669746	ins_492957131,M1,j_2278838,1,Failed,313779,313786,m_4026,1,3,,,,
175174968	ins_19037876,J3_1_2,j_3962379,1,Failed,578528,578552,m_4026,1,4,,,,
175178084	ins_246867697,J3_1_2,j_3962379,1,Failed,578589,578612,m_4026,3,4,,,,
175178250	ins_100311520,J3_1_2,j_3962379,1,Failed,578558,578583,m_4026,2,4,,,,
178090667	ins_199975390,M3_2,j_2907372,1,Failed,337393,337401,m_4026,1,1,,,,
178143042	ins_1278061970,M3_2,j_3002982,1,Failed,334401,334407,m_4026,1,1,,,,
179715881	ins_751827620,M3_2,j_800831,1,Failed,334870,334878,m_4026,1,1,,,,
181678443	ins_1042271134,M3_2,j_2989915,1,Failed,335980,335987,m_4026,1,1,,,,
189477819	ins_896679579,task_LTg0MTUwNTA5Mjg4MDkwNjIzMA==,j_3848104,10,Failed,244624,244625,m_4026,1,1,,,,
194860286	ins_1270408765,M5,j_1334700,1,Failed,583755,0,m_4026,1,2,,,,
197533589	ins_503898327,R4_3,j_223433,1,Failed,112806,113265,m_4026,1,2,,,,
199261495	ins_105567605,M3_2,j_2253357,1,Failed,338178,338184,m_4026,1,1,,,,
209506070	ins_889744433,M1,j_1170660,1,Failed,180399,181782,m_4026,1,5,,,,
209509058	ins_817107230,M1,j_1170660,1,Failed,181783,182243,m_4026,2,4,,,,
209513880	ins_225973900,M1,j_1170660,1,Failed,182245,182713,m_4026,3,5,,,,
209514648	ins_1009338913,M1,j_1170660,1,Failed,180400,181793,m_4026,1,4,,,,
209520987	ins_480494794,M1,j_1170660,1,Failed,182263,182741,m_4026,3,4,,,,
209521820	ins_497179978,M1,j_1170660,1,Failed,182269,182739,m_4026,3,4,,,,
209522812	ins_960858368,M1,j_1170660,1,Failed,181795,182267,m_4026,2,4,,,,
209525373	ins_692338512,M1,j_1170660,1,Failed,180399,181798,m_4026,1,4,,,,
209530610	ins_777178860,M1,j_1170660,1,Failed,181799,182262,m_4026,2,4,,,,
210220042	ins_1063317161,J18_1_3_4_5_6_9_12_13_14_15_16_17,j_2314575,1,Failed,298387,0,m_4026,1,2,,,,
215524504	ins_1259259454,M3_2,j_4020904,1,Failed,335105,335111,m_4026,1,1,,,,
215901832	ins_222224558,R14_13,j_241867,1,Failed,197324,197649,m_4026,1,2,,,,
215905095	ins_798472545,R14_13,j_241867,1,Failed,197322,197651,m_4026,1,2,,,,
215907294	ins_645120887,R14_13,j_241867,1,Failed,197323,197646,m_4026,1,2,,,,
219107812	ins_1084566590,M3_2,j_4084418,1,Failed,338018,0,m_4026,1,2,,,,
222508338	ins_1193903880,M3_2,j_3616242,1,Failed,338304,338309,m_4026,1,1,,,,
230717674	ins_1030198731,J3_1_2,j_597192,1,Failed,197273,197640,m_4026,1,2,,,,
230841362	ins_1036906935,M3_2,j_742140,1,Failed,336568,336575,m_4026,1,1,,,,
232142611	ins_466121283,task_ODg3NTU4NTE3NDcxODA4NjA5Ng==,j_2062442,3,Failed,308717,0,m_4026,1,2,,,,
239809131	ins_272706238,J8_4_5_6_7,j_2915280,1,Failed,110970,110974,m_4026,1,2,,,,
243367407	ins_328565487,task_ODg3NTU4NTE3NDcxODA4NjA5Ng==,j_2490246,3,Failed,397158,0,m_4026,1,2,,,,
244498126	ins_806109376,task_LTg0MTUwNTA5Mjg4MDkwNjIzMA==,j_3706938,10,Failed,595375,595375,m_4026,1,1,,,,
246760673	ins_1342675372,M1,j_2109726,1,Failed,502925,503026,m_4026,2,4,,,,
246762691	ins_380350822,M1,j_2109726,1,Failed,503029,503131,m_4026,3,4,,,,
246764305	ins_991478446,M1,j_2109726,1,Failed,502806,502923,m_4026,1,4,,,,
250117332	ins_1307219489,M3_2,j_2109874,1,Failed,337456,337463,m_4026,1,1,,,,
250453328	ins_1033898358,J5_1_4,j_2601836,1,Failed,375380,375657,m_4026,1,2,,,,
270398438	ins_101638753,M6,j_197589,1,Failed,543908,543914,m_4026,1,2,,,,
272880219	ins_156249354,task_NDg2ODM2NDIyMDczNDQ4NzMzOA==,j_2916040,11,Failed,478221,0,m_4026,5,11,,,,
272880445	ins_227976183,task_NDg2ODM2NDIyMDczNDQ4NzMzOA==,j_2916040,11,Failed,478250,0,m_4026,5,7,,,,
273738176	ins_986377100,task_LTg0MTUwNTA5Mjg4MDkwNjIzMA==,j_3824733,10,Failed,645185,645186,m_4026,1,1,,,,
278167120	ins_481866959,M3_2,j_688168,1,Failed,336948,336955,m_4026,1,1,,,,
283206040	ins_337553549,task_LTg0MTUwNTA5Mjg4MDkwNjIzMA==,j_2028176,10,Failed,590868,590869,m_4026,1,1,,,,
284683020	ins_967861051,task_LTM1MDg2NzQ2MzE3ODcwMzc0NTQ=,j_3798438,8,Failed,134227,0,m_4026,1,2,,,,
289286635	ins_1117136096,M6,j_821972,1,Failed,203717,0,m_4026,1,2,,,,
290005585	ins_618464202,R3_1_2,j_1380504,1,Failed,670908,671166,m_4026,2,3,,,,
291695120	ins_1033736804,J10_2_9,j_3777716,1,Failed,548451,0,m_4026,2,3,,,,
294437551	ins_1259891191,task_NTUwNzc2NzM4MjY5NTYwMDI1OA==,j_2425661,7,Failed,293817,0,m_4026,1,2,,,,
299276972	ins_1179671954,M3_2,j_3855080,1,Failed,336856,336863,m_4026,1,1,,,,
302874967	ins_1042739016,M3_2,j_3719025,1,Failed,338639,338647,m_4026,1,1,,,,
308353525	ins_83539395,M7,j_1728259,1,Failed,582497,0,m_4026,1,2,,,,
314553055	ins_255378687,M3_2,j_497751,1,Failed,337990,337996,m_4026,1,1,,,,
315329992	ins_300515890,M3_2,j_1447779,1,Failed,335580,335587,m_4026,1,1,,,,
315807365	ins_329486996,J9_1_4_7_8,j_2043428,1,Failed,545902,545904,m_4026,1,2,,,,
319904922	ins_65077271,M3_2,j_2486896,1,Failed,334767,334774,m_4026,1,1,,,,
327560674	ins_713040077,M3_2,j_2921923,1,Failed,336807,0,m_4026,1,2,,,,
331440830	ins_247942452,M1,j_3178586,1,Failed,505280,505376,m_4026,2,5,,,,
331442912	ins_537276957,M1,j_3178586,1,Failed,505386,505483,m_4026,3,5,,,,
331444678	ins_612237456,M1,j_3178586,1,Failed,505151,505272,m_4026,1,5,,,,
331445952	ins_28941957,M1,j_3178586,1,Failed,505492,0,m_4026,4,5,,,,
337680424	ins_835367666,M3_2,j_2035377,1,Failed,336357,336364,m_4026,1,1,,,,
339328179	ins_215021842,M3_2,j_3649279,1,Failed,338166,338172,m_4026,1,1,,,,
340378127	ins_102473309,task_LTg0MTUwNTA5Mjg4MDkwNjIzMA==,j_672670,10,Failed,232306,232309,m_4026,1,1,,,,
340613693	ins_1041758480,M3_2,j_1010076,1,Failed,334343,334349,m_4026,1,1,,,,
341920012	ins_593139810,M3_2,j_2589769,1,Failed,338304,0,m_4026,1,2,,,,
342218859	ins_618938629,task_NDg2ODM2NDIyMDczNDQ4NzMzOA==,j_2903334,11,Failed,483180,483839,m_4026,9,11,,,,
342218894	ins_501963202,task_NDg2ODM2NDIyMDczNDQ4NzMzOA==,j_2903334,11,Failed,478917,479848,m_4026,3,11,,,,
342219112	ins_127074524,task_NDg2ODM2NDIyMDczNDQ4NzMzOA==,j_2903334,11,Failed,478121,478910,m_4026,3,5,,,,
344250459	ins_1334175639,task_MTM0ODUxMTY0NjQzMTI1NTc1MQ==,j_845157,6,Failed,276519,0,m_4026,1,2,,,,
344430312	ins_1245942121,J15_4_6_8_10_12_13_14,j_1028506,1,Failed,670435,670752,m_4026,1,2,,,,
344514079	ins_1295322148,M3_2,j_1132495,1,Failed,337358,337363,m_4026,1,1,,,,
344989006	ins_974261420,R30_1,j_1798259,1,Failed,375208,375655,m_4026,1,2,,,,
345015230	ins_854915846,R14_1,j_1798259,1,Failed,375268,375670,m_4026,1,2,,,,
346228531	ins_1239594476,M1,j_3392457,1,Failed,222712,222731,m_4026,3,4,,,,
346235007	ins_574907655,M1,j_3392457,1,Failed,222687,222706,m_4026,2,4,,,,
346244723	ins_406766249,M1,j_3392457,1,Failed,222690,222708,m_4026,2,4,,,,
346246142	ins_209317510,M1,j_3392457,1,Failed,222613,222684,m_4026,1,3,,,,
346253550	ins_1064094685,M1,j_3392457,1,Failed,222614,222685,m_4026,1,4,,,,
347476822	ins_53881619,J5_2_3_4,j_419674,1,Failed,178946,0,m_4026,1,2,,,,
350087529	ins_752426841,task_ODg3NTU4NTE3NDcxODA4NjA5Ng==,j_3718068,3,Failed,214058,0,m_4026,1,2,,,,
350090336	ins_1134376560,task_ODg3NTU4NTE3NDcxODA4NjA5Ng==,j_3718068,3,Failed,214058,0,m_4026,1,2,,,,
351166656	ins_653640663,M3_2,j_614426,1,Failed,334946,334951,m_4026,1,1,,,,
351429656	ins_376611268,M3_2,j_954848,1,Failed,336957,336964,m_4026,1,1,,,,
351477713	ins_1231889087,J5_4_17,j_1048586,1,Failed,354484,354923,m_4026,1,2,,,,
356027010	ins_224463844,task_LTg0MTUwNTA5Mjg4MDkwNjIzMA==,j_1988008,10,Failed,583503,583504,m_4026,1,1,,,,
361714220	ins_76575226,M3_2,j_185191,1,Failed,335543,0,m_4026,1,2,,,,
361827429	ins_268094505,M1,j_256169,1,Failed,575137,0,m_4026,1,2,,,,
361838930	ins_451262789,M1,j_256169,1,Failed,575138,0,m_4026,1,2,,,,
361841760	ins_1058923997,M1,j_256169,1,Failed,575138,0,m_4026,1,2,,,,
361844006	ins_1056598302,M7,j_256169,1,Failed,575139,0,m_4026,1,2,,,,
362374216	ins_405053157,M4,j_839998,1,Failed,540779,0,m_4026,1,2,,,,
362965362	ins_182981027,M7,j_1618497,1,Failed,574993,0,m_4026,1,2,,,,
362967991	ins_1346413055,M1,j_1618497,1,Failed,574988,0,m_4026,1,2,,,,
362971102	ins_484391613,M1,j_1618497,1,Failed,574989,0,m_4026,1,2,,,,
368140843	ins_179060683,R2_1,j_3424534,1,Failed,167704,0,m_4026,2,3,,,,
371589055	ins_551787701,M1,j_2952702,1,Failed,296154,296154,m_4026,1,2,,,,
371773450	ins_89883689,task_ODg3NTU4NTE3NDcxODA4NjA5Ng==,j_3082665,3,Failed,459783,0,m_4026,1,2,,,,
373205861	ins_615652755,R1_3,j_639888,1,Failed,317014,317183,m_4026,2,3,,,,
375706484	ins_1310746056,J9_1_4_7_8,j_3394181,1,Failed,373899,373903,m_4026,1,2,,,,
382460081	ins_858093603,task_ODg3NTU4NTE3NDcxODA4NjA5Ng==,j_2426774,3,Failed,310563,0,m_4026,1,2,,,,
393805593	ins_827609369,task_LTg0MTUwNTA5Mjg4MDkwNjIzMA==,j_3230945,10,Failed,595747,595750,m_4026,1,1,,,,
394505838	ins_222945941,M1,j_3754361,1,Failed,314637,314645,m_4026,1,3,,,,
394507393	ins_1230217552,M1,j_3754361,1,Failed,314650,314660,m_4026,2,3,,,,
394519795	ins_1119310743,M1,j_3754361,1,Failed,314637,314641,m_4026,1,4,,,,
394521177	ins_841394774,M1,j_3754361,1,Failed,314651,314661,m_4026,2,3,,,,
394767770	ins_442639873,M3_2,j_3937032,1,Failed,337823,337829,m_4026,1,1,,,,
397084353	ins_896335069,M3_2,j_3052549,1,Failed,336264,336270,m_4026,1,1,,,,
398491765	ins_126681645,M3_2,j_476659,1,Failed,337837,337843,m_4026,1,1,,,,
400097061	ins_901490806,M14,j_2640727,1,Failed,167204,0,m_4026,1,2,,,,
401332307	ins_930429295,M3_2,j_4145848,1,Failed,337122,337128,m_4026,1,1,,,,
416160545	ins_566277131,M1,j_4069746,1,Failed,506933,507032,m_4026,3,4,,,,
416162418	ins_938939242,M1,j_4069746,1,Failed,506709,506824,m_4026,1,4,,,,
416165062	ins_694203224,M1,j_4069746,1,Failed,506828,506924,m_4026,2,4,,,,
422830971	ins_384274000,M3_2,j_141454,1,Failed,334138,334144,m_4026,1,1,,,,
424307895	ins_1310031032,M3_2,j_1383765,1,Failed,337874,337880,m_4026,1,1,,,,
427808549	ins_125415626,task_LTg0MTUwNTA5Mjg4MDkwNjIzMA==,j_1093335,10,Failed,248653,248656,m_4026,1,1,,,,
428135797	ins_1068295103,M3_2,j_1510943,1,Failed,334076,334082,m_4026,1,1,,,,
436170040	ins_1149118368,M3_2,j_2619205,1,Failed,335942,335947,m_4026,1,1,,,,
436790398	ins_424287871,M3_2,j_3206211,1,Failed,334358,334365,m_4026,1,1,,,,
437370949	ins_874341917,M3_2,j_3870360,1,Failed,336540,336548,m_4026,1,1,,,,
440118953	ins_1296344852,task_OTg1NjA1OTIxMzA4ODkxNg==,j_3254698,8,Failed,185839,0,m_4026,3,5,,,,
447988946	ins_827420471,M1,j_3848876,1,Failed,313404,313512,m_4026,2,3,,,,
447990770	ins_353752411,M1,j_3848876,1,Failed,313330,313432,m_4026,1,3,,,,
447991503	ins_236380267,M1,j_3848876,1,Failed,313331,313432,m_4026,1,3,,,,
447992646	ins_720358217,M1,j_3848876,1,Failed,313509,0,m_4026,3,4,,,,
447994315	ins_1216017946,M1,j_3848876,1,Failed,313331,313432,m_4026,1,3,,,,
447995666	ins_1260696081,M1,j_3848876,1,Failed,313324,313440,m_4026,1,2,,,,
448016114	ins_399809124,M1,j_3848876,1,Failed,313331,313431,m_4026,1,2,,,,
448016852	ins_1082832474,M1,j_3848876,1,Failed,313404,313502,m_4026,2,3,,,,
448019937	ins_371178013,M1,j_3848876,1,Failed,313338,313438,m_4026,1,2,,,,
448020410	ins_1316824534,M1,j_3848876,1,Failed,313331,313448,m_4026,1,3,,,,
448020964	ins_792907410,M1,j_3848876,1,Failed,313295,313401,m_4026,1,3,,,,
448021488	ins_526013684,M1,j_3848876,1,Failed,313322,313435,m_4026,1,2,,,,
448023619	ins_981242715,M1,j_3848876,1,Failed,313331,313431,m_4026,1,3,,,,
448031010	ins_54252205,M1,j_3848876,1,Failed,313292,313400,m_4026,1,3,,,,
450030018	ins_768285500,M3_2,j_1981340,1,Failed,335969,335975,m_4026,1,1,,,,
452828095	ins_174705444,R9_8,j_1525606,1,Failed,100086,100768,m_4026,1,2,,,,
456154973	ins_824391261,M3_2,j_1438586,1,Failed,635933,0,m_4026,1,2,,,,
457996537	ins_446916306,task_LTg0MTUwNTA5Mjg4MDkwNjIzMA==,j_3315059,10,Failed,589680,589680,m_4026,1,1,,,,
461409763	ins_718573895,M1,j_3175082,1,Failed,311816,311885,m_4026,1,2,,,,
461531784	ins_8408144,task_LTg0MTUwNTA5Mjg4MDkwNjIzMA==,j_3305867,10,Failed,249957,249958,m_4026,1,1,,,,
462146614	ins_222852268,M1,j_4101674,1,Failed,311555,311572,m_4026,2,3,,,,
462147612	ins_434346112,M1,j_4101674,1,Failed,311476,311544,m_4026,1,3,,,,
467485068	ins_980860260,M3_2,j_2091084,1,Failed,336258,336264,m_4026,1,1,,,,
478326539	ins_300244813,M3_2,j_2145732,1,Failed,334938,334944,m_4026,1,1,,,,
480700589	ins_626182297,M3,j_597244,1,Failed,109373,109373,m_4026,1,2,,,,
481288073	ins_975528383,M4,j_1205871,1,Failed,464561,464565,m_4026,1,2,,,,
492774766	ins_816264266,R5_1_2_4,j_2489716,1,Failed,153122,153589,m_4026,2,3,,,,
496163066	ins_620346481,task_NDg2ODM2NDIyMDczNDQ4NzMzOA==,j_2444841,11,Failed,63052,0,m_4026,1,3,,,,
512997070	ins_1171564554,M1,j_946533,1,Failed,624230,0,m_4026,1,2,,,,
515924376	ins_458585869,M5_4,j_594374,1,Failed,160653,160659,m_4026,1,1,,,,
516076708	ins_791569600,M3_2,j_831239,1,Failed,335270,335276,m_4026,1,1,,,,
518189872	ins_1169920267,M3_2,j_3765623,1,Failed,338675,338681,m_4026,1,1,,,,
526519391	ins_692332557,M3_2,j_666887,1,Failed,337221,337227,m_4026,1,1,,,,
527027897	ins_1216290358,M2,j_1301507,1,Failed,596440,596446,m_4026,1,1,,,,
531124072	ins_1190524453,M3_2,j_1939814,1,Failed,334012,334018,m_4026,1,1,,,,
532573896	ins_15901017,J3_1_2,j_3639039,1,Failed,185043,185289,m_4026,1,2,,,,
534924927	ins_703186253,M3_2,j_1995179,1,Failed,335681,335688,m_4026,1,1,,,,
535590728	ins_1335435729,M3_2,j_3035891,1,Failed,335538,335545,m_4026,1,1,,,,
536792296	ins_922288918,M1,j_539598,1,Failed,162129,162569,m_4026,2,5,,,,
536792961	ins_1013205247,M1,j_539598,1,Failed,162559,163009,m_4026,3,4,,,,
536794442	ins_351286851,M1,j_539598,1,Failed,160665,162102,m_4026,1,4,,,,
536795174	ins_324888559,M1,j_539598,1,Failed,162559,163003,m_4026,3,4,,,,
536797103	ins_857987056,M1,j_539598,1,Failed,162576,163012,m_4026,3,4,,,,
536797509	ins_1338594142,M1,j_539598,1,Failed,162114,162558,m_4026,2,4,,,,
536797655	ins_1293929673,M1,j_539598,1,Failed,160664,162101,m_4026,1,5,,,,
536799979	ins_1021940687,M1,j_539598,1,Failed,162103,162553,m_4026,2,4,,,,
540188076	ins_1097535012,task_LTM1MDg2NzQ2MzE3ODcwMzc0NTQ=,j_633466,8,Failed,657897,0,m_4026,1,2,,,,
542357761	ins_665252990,M2,j_2775208,1,Failed,172978,172985,m_4026,1,2,,,,
543704925	ins_932357677,M3_2,j_54590,1,Failed,338145,338151,m_4026,1,1,,,,
544769634	ins_561660689,M3_2,j_1447355,1,Failed,335348,335354,m_4026,1,1,,,,
546612451	ins_765477496,J34_14_17_33,j_3792863,1,Failed,600237,0,m_4026,1,2,,,,
549689727	ins_362570524,task_ODg3NTU4NTE3NDcxODA4NjA5Ng==,j_3575115,3,Failed,397312,0,m_4026,1,2,,,,
552668025	ins_1067989432,M3_2,j_2680935,1,Failed,335554,335561,m_4026,1,1,,,,
553040706	ins_877310077,M3_2,j_2958936,1,Failed,338421,338428,m_4026,1,1,,,,
557330661	ins_645589350,M1,j_3825397,1,Failed,583619,0,m_4026,1,2,,,,
564539724	ins_1129851999,R2_1,j_4092151,1,Failed,546970,0,m_4026,1,3,,,,
565292673	ins_69603142,J5_3_4,j_721668,1,Failed,461178,461651,m_4026,1,2,,,,
565821731	ins_1061766158,task_ODYzMjgxNTM3NDQ2NzUwMjQxMg==,j_1303897,8,Failed,299878,300479,m_4026,1,2,,,,
568009024	ins_15633790,M6,j_4185445,1,Failed,143577,0,m_4026,1,2,,,,
568018574	ins_132713989,M6,j_4185445,1,Failed,143577,0,m_4026,1,2,,,,
568397857	ins_422054077,M5,j_481775,1,Failed,583666,0,m_4026,1,2,,,,
568595432	ins_1180720066,M6,j_733897,1,Failed,461691,0,m_4026,1,2,,,,
569389373	ins_958973459,task_LTg0MTUwNTA5Mjg4MDkwNjIzMA==,j_2029867,10,Failed,232525,232527,m_4026,1,1,,,,
570497023	ins_300792664,task_ODg3NTU4NTE3NDcxODA4NjA5Ng==,j_3409173,3,Failed,397739,0,m_4026,1,2,,,,
573797264	ins_1024515062,M3_2,j_2669718,1,Failed,336945,0,m_4026,1,2,,,,
577319949	ins_1109002834,M3_2,j_2583714,1,Failed,334674,334680,m_4026,1,1,,,,
578913042	ins_891214023,task_LTg0MTUwNTA5Mjg4MDkwNjIzMA==,j_535082,10,Failed,244298,244301,m_4026,1,1,,,,
580727673	ins_964688916,task_LTg0MTUwNTA5Mjg4MDkwNjIzMA==,j_2832080,10,Failed,578002,578004,m_4026,1,1,,,,
581528522	ins_68274814,M4_3,j_4008670,1,Failed,562996,0,m_4026,1,2,,,,
583361915	ins_369110234,M3_2,j_1605213,1,Failed,335974,335980,m_4026,1,1,,,,
587182331	ins_1093558134,M3_2,j_2193196,1,Failed,338191,338197,m_4026,1,1,,,,
587823236	ins_30024411,M3_2,j_2810330,1,Failed,335150,335155,m_4026,1,1,,,,
589585873	ins_295391124,M3_2,j_724631,1,Failed,338016,338023,m_4026,1,1,,,,
591754491	ins_530551283,M3_2,j_3536988,1,Failed,336586,336595,m_4026,1,1,,,,
593639488	ins_1271868031,task_ODg3NTU4NTE3NDcxODA4NjA5Ng==,j_1592733,3,Failed,116951,0,m_4026,1,2,,,,
601270266	ins_500067943,M3_2,j_2569193,1,Failed,337938,337947,m_4026,1,1,,,,
601993610	ins_736618913,task_ODg3NTU4NTE3NDcxODA4NjA5Ng==,j_3604474,3,Failed,397497,0,m_4026,1,2,,,,
604739889	ins_750866090,M3_2,j_2698969,1,Failed,89365,0,m_4026,1,1,,,,
608723241	ins_722469644,M8,j_2895132,1,Failed,594971,0,m_4026,1,2,,,,
612040899	ins_61211340,M3_2,j_3042577,1,Failed,337725,337731,m_4026,1,1,,,,
612718440	ins_930791433,M7,j_4004783,1,Failed,574916,0,m_4026,1,2,,,,
613341661	ins_1153594651,J5_2_4,j_576463,1,Failed,101866,102081,m_4026,1,2,,,,
613341806	ins_1096981113,J5_2_4,j_576463,1,Failed,101866,102079,m_4026,1,2,,,,
613341848	ins_879502716,J5_2_4,j_576463,1,Failed,101868,102082,m_4026,1,2,,,,
613341883	ins_727482234,J5_2_4,j_576463,1,Failed,101867,102080,m_4026,1,2,,,,
613341915	ins_273348577,J5_2_4,j_576463,1,Failed,101867,102079,m_4026,1,2,,,,
613341955	ins_600878085,J5_2_4,j_576463,1,Failed,101866,102080,m_4026,1,2,,,,
613341971	ins_727482637,J5_2_4,j_576463,1,Failed,101867,102079,m_4026,1,2,,,,
613342006	ins_436051235,J5_2_4,j_576463,1,Failed,101868,102080,m_4026,1,2,,,,
613342191	ins_969361136,J5_2_4,j_576463,1,Failed,101866,102080,m_4026,1,2,,,,
613342316	ins_1123508830,J5_2_4,j_576463,1,Failed,101868,102081,m_4026,1,2,,,,
613342320	ins_934308974,J5_2_4,j_576463,1,Failed,101866,102080,m_4026,1,2,,,,
613342389	ins_1123508923,J5_2_4,j_576463,1,Failed,101868,102086,m_4026,1,2,,,,
613342429	ins_608298215,J5_2_4,j_576463,1,Failed,101865,102079,m_4026,1,2,,,,
613342478	ins_192003891,J5_2_4,j_576463,1,Failed,101867,102079,m_4026,1,2,,,,
613342553	ins_798157133,J5_2_4,j_576463,1,Failed,101867,102079,m_4026,1,2,,,,
613342597	ins_1052809356,J5_2_4,j_576463,1,Failed,101867,102082,m_4026,1,2,,,,
613342626	ins_226136857,J5_2_4,j_576463,1,Failed,101866,102080,m_4026,1,2,,,,
613342764	ins_1134167966,J5_2_4,j_576463,1,Failed,101867,102079,m_4026,1,2,,,,
613342826	ins_879503219,J5_2_4,j_576463,1,Failed,101868,102081,m_4026,1,2,,,,
613342861	ins_504991858,J5_2_4,j_576463,1,Failed,101867,102080,m_4026,1,2,,,,
613342877	ins_1042148601,J5_2_4,j_576463,1,Failed,101868,102080,m_4026,1,2,,,,
613342952	ins_692343889,J5_2_4,j_576463,1,Failed,101866,102081,m_4026,1,2,,,,
613342955	ins_690312214,J5_2_4,j_576463,1,Failed,101866,102083,m_4026,1,2,,,,
613343104	ins_504990958,J5_2_4,j_576463,1,Failed,101867,102082,m_4026,1,2,,,,
613343126	ins_526960117,J5_2_4,j_576463,1,Failed,101865,102081,m_4026,1,2,,,,
613343199	ins_597908822,J5_2_4,j_576463,1,Failed,101866,102080,m_4026,1,2,,,,
613343280	ins_808811688,J5_2_4,j_576463,1,Failed,101866,102080,m_4026,1,2,,,,
613343318	ins_38896028,J5_2_4,j_576463,1,Failed,101866,102084,m_4026,1,2,,,,
613343444	ins_1287540475,J5_2_4,j_576463,1,Failed,101865,102080,m_4026,1,2,,,,
613343446	ins_1153593971,J5_2_4,j_576463,1,Failed,101866,102080,m_4026,1,2,,,,
613343473	ins_364294130,J5_2_4,j_576463,1,Failed,101865,102079,m_4026,1,2,,,,
613343581	ins_971471150,J5_2_4,j_576463,1,Failed,101867,102079,m_4026,1,2,,,,
613343600	ins_526960205,J5_2_4,j_576463,1,Failed,101865,102080,m_4026,1,2,,,,
613343777	ins_1286173585,J5_2_4,j_576463,1,Failed,101868,102080,m_4026,1,2,,,,
613343887	ins_226139909,J5_2_4,j_576463,1,Failed,101866,102079,m_4026,1,2,,,,
614781431	ins_873504270,M2,j_2177905,1,Failed,463330,463866,m_4026,1,2,,,,
615871618	ins_292663276,J10_8_9,j_3224642,1,Failed,437317,437318,m_4026,1,2,,,,
616231132	ins_353868193,M3_2,j_3657631,1,Failed,334230,334236,m_4026,1,1,,,,
616544016	ins_727775801,task_LTg0MTUwNTA5Mjg4MDkwNjIzMA==,j_4025915,10,Failed,589580,589580,m_4026,1,1,,,,
634472674	ins_901838559,M3_2,j_1171034,1,Failed,337121,337129,m_4026,1,1,,,,
640579090	ins_861253923,M2,j_3933613,1,Failed,583754,0,m_4026,1,2,,,,
640579744	ins_1036151161,M2,j_3933613,1,Failed,583754,0,m_4026,1,2,,,,
640745833	ins_929410015,M1,j_4187025,1,Failed,120779,120784,m_4026,1,1,,,,
642149995	ins_1234565582,J3_1_2,j_1975246,1,Failed,645401,645779,m_4026,2,3,,,,
647490934	ins_944567260,R10_9,j_3354287,1,Failed,197393,197769,m_4026,1,2,,,,
648163591	ins_675135996,M3_2,j_4049062,1,Failed,335937,335943,m_4026,1,1,,,,
660555253	ins_1134590195,M3_2,j_788030,1,Failed,336124,336130,m_4026,1,1,,,,
661615994	ins_789581854,M3_2,j_1808935,1,Failed,337646,337652,m_4026,1,1,,,,
667689101	ins_1012007269,J8_4_7,j_658741,1,Failed,461229,461795,m_4026,1,2,,,,
674118700	ins_405059364,J5_2_3_4,j_3214208,1,Failed,436787,0,m_4026,1,2,,,,
674134866	ins_1010752005,M3_2,j_3255194,1,Failed,336939,336946,m_4026,1,1,,,,
677203359	ins_942762699,R2_1,j_2396085,1,Failed,147473,149902,m_4026,6,7,,,,
677203375	ins_942762699,R2_1,j_2396085,1,Failed,146818,147472,m_4026,5,7,,,,
680359082	ins_1005374964,task_LTg0MTUwNTA5Mjg4MDkwNjIzMA==,j_1962725,10,Failed,152287,152288,m_4026,1,1,,,,
689022948	ins_330575314,M3_2,j_3399084,1,Failed,334719,334725,m_4026,1,1,,,,
693080464	ins_1301583433,M3_2,j_3313258,1,Failed,335012,335017,m_4026,1,1,,,,
693719094	ins_321968364,task_ODg3NTU4NTE3NDcxODA4NjA5Ng==,j_3993093,3,Failed,204862,0,m_4026,1,2,,,,
695073441	ins_940521466,J8_4_5_6_7,j_1546530,1,Failed,285697,0,m_4026,1,2,,,,
695075091	ins_1089346235,M3_2,j_1547208,1,Failed,335802,0,m_4026,1,2,,,,
699470246	ins_1114995618,M3_2,j_2463844,1,Failed,338128,338134,m_4026,1,1,,,,
709046438	ins_686176537,M3_2,j_186202,1,Failed,337144,337150,m_4026,1,1,,,,
709623276	ins_951033312,task_LTM1MDg2NzQ2MzE3ODcwMzc0NTQ=,j_888646,8,Failed,134534,0,m_4026,1,2,,,,
711371064	ins_1203000572,M3_2,j_3226574,1,Failed,338850,338856,m_4026,1,1,,,,
712552160	ins_287882752,M3_2,j_547624,1,Failed,337440,0,m_4026,1,2,,,,
712869097	ins_707551171,M3_2,j_856013,1,Failed,336265,336271,m_4026,1,1,,,,
713424858	ins_688676288,M4_3,j_1154698,1,Failed,569630,0,m_4026,1,2,,,,
713963036	ins_864983235,M3_2,j_1803995,1,Failed,337236,337243,m_4026,1,1,,,,
716050628	ins_1199443193,M3_2,j_4053925,1,Failed,337409,337416,m_4026,1,1,,,,
717206572	ins_1104087187,M3_2,j_983641,1,Failed,334626,0,m_4026,1,2,,,,
719624273	ins_1158734723,J3_1_2,j_4112079,1,Failed,184905,185332,m_4026,1,2,,,,
719624406	ins_448911120,J3_1_2,j_4112079,1,Failed,185332,185523,m_4026,2,3,,,,
719732685	ins_806241688,M3_2,j_201889,1,Failed,337808,337814,m_4026,1,1,,,,
724036437	ins_827865723,R4_3,j_315956,1,Failed,112621,113482,m_4026,1,2,,,,
724780968	ins_1232843761,M6,j_1230430,1,Failed,201892,0,m_4026,1,2,,,,
733893050	ins_24105452,M3_2,j_3518633,1,Failed,335421,335427,m_4026,1,1,,,,
734268853	ins_1294487415,M3_2,j_3894816,1,Failed,337782,337788,m_4026,1,1,,,,
740745605	ins_980111351,M1,j_2542577,1,Failed,584738,0,m_4026,1,2,,,,
744431499	ins_102381613,R9_8,j_2565079,1,Failed,264342,265369,m_4026,1,2,,,,
744713356	ins_1219024114,M16,j_2762475,1,Failed,87326,0,m_4026,1,2,,,,
744714341	ins_649201589,M16,j_2762475,1,Failed,87323,0,m_4026,1,2,,,,
744715878	ins_906603410,M16,j_2762475,1,Failed,87327,0,m_4026,1,2,,,,
744716060	ins_465595722,M16,j_2762475,1,Failed,87324,0,m_4026,1,2,,,,
744722420	ins_856736523,M16,j_2762475,1,Failed,87324,0,m_4026,1,2,,,,
744722534	ins_1303851133,M16,j_2762475,1,Failed,87324,0,m_4026,1,2,,,,
751413392	ins_1116910127,M1,j_1803526,1,Failed,372459,0,m_4026,1,2,,,,
755403154	ins_1305761853,M3_2,j_2569875,1,Failed,334887,334894,m_4026,1,1,,,,
755655190	ins_428772544,M6,j_2919580,1,Failed,345998,0,m_4026,1,2,,,,
755656362	ins_1296162985,M6,j_2919580,1,Failed,346065,0,m_4026,1,2,,,,
755656968	ins_625285492,M6,j_2919580,1,Failed,346030,0,m_4026,1,2,,,,
755657469	ins_381261386,M6,j_2919580,1,Failed,346036,0,m_4026,1,2,,,,
755660705	ins_625285419,M6,j_2919580,1,Failed,346031,0,m_4026,1,2,,,,
763749026	ins_367793215,M1,j_3605389,1,Failed,288178,0,m_4026,1,2,,,,
765776010	ins_52654784,M3_2,j_1644183,1,Failed,336062,336068,m_4026,1,1,,,,
769688097	ins_816486025,M3_2,j_1744502,1,Failed,335197,335203,m_4026,1,1,,,,
770170892	ins_484402053,task_LTg0MTUwNTA5Mjg4MDkwNjIzMA==,j_2321579,10,Failed,151224,151225,m_4026,1,1,,,,
771317989	ins_1054401369,J34_14_17_33,j_3813823,1,Failed,600179,0,m_4026,1,2,,,,
777930358	ins_254293877,M3_2,j_2658725,1,Failed,333928,333935,m_4026,1,1,,,,
778392118	ins_258447681,task_LTM1MDg2NzQ2MzE3ODcwMzc0NTU=,j_3297205,8,Failed,658215,0,m_4026,1,2,,,,
778392628	ins_72754918,task_LTM1MDg2NzQ2MzE3ODcwMzc0NTQ=,j_3297205,8,Failed,658225,0,m_4026,1,2,,,,
780025851	ins_417401412,task_ODg3NTU4NTE3NDcxODA4NjA5Ng==,j_1035221,3,Failed,208307,0,m_4026,1,2,,,,
790507218	ins_990917397,M3_2,j_118470,1,Failed,338314,338319,m_4026,1,1,,,,
791477841	ins_1036103523,M3_2,j_1338894,1,Failed,338408,338414,m_4026,1,1,,,,
791830125	ins_950881467,M1,j_1878594,1,Failed,212018,212216,m_4026,3,4,,,,
791831161	ins_771451012,M1,j_1878594,1,Failed,211810,212002,m_4026,2,4,,,,
791834646	ins_1042946348,M1,j_1878594,1,Failed,212202,0,m_4026,4,5,,,,
791835096	ins_813760281,M1,j_1878594,1,Failed,211810,212004,m_4026,2,4,,,,
791839262	ins_878961948,M1,j_1878594,1,Failed,211264,211807,m_4026,1,4,,,,
791846258	ins_129805469,M1,j_1878594,1,Failed,211265,211808,m_4026,1,4,,,,
791858172	ins_210619655,M1,j_1878594,1,Failed,212006,212198,m_4026,3,5,,,,
791858249	ins_960177604,M1,j_1878594,1,Failed,212006,212200,m_4026,3,4,,,,
791859710	ins_357135362,M1,j_1878594,1,Failed,211809,212001,m_4026,2,4,,,,
791866023	ins_277162055,M1,j_1878594,1,Failed,211265,211807,m_4026,1,4,,,,
794562668	ins_308661571,M3_2,j_645928,1,Failed,337997,338004,m_4026,1,1,,,,
797100996	ins_409093380,M3_2,j_3106094,1,Failed,337407,337414,m_4026,1,1,,,,
800160525	ins_900107355,J16_6_10_15,j_2855780,1,Failed,664067,0,m_4026,1,2,,,,
802983113	ins_38829189,M4,j_1922756,1,Failed,238825,0,m_4026,1,2,,,,
802985083	ins_1173222692,M1,j_1922756,1,Failed,238820,0,m_4026,1,2,,,,
806867881	ins_68832655,M3_2,j_2119906,1,Failed,335758,335764,m_4026,1,1,,,,
809843603	ins_1263965801,task_LTg0MTUwNTA5Mjg4MDkwNjIzMA==,j_1485061,10,Failed,591902,591905,m_4026,1,1,,,,
810004656	ins_81733547,M3_2,j_1583322,1,Failed,336798,336804,m_4026,1,1,,,,
815461972	ins_902392378,J13_2_3_5_7_8_9_10_11_12,j_3479336,1,Failed,375220,375681,m_4026,1,2,,,,
822128846	ins_995336106,M1,j_2691344,1,Failed,507246,507358,m_4026,1,4,,,,
822131113	ins_1120793562,M1,j_2691344,1,Failed,507472,507585,m_4026,3,4,,,,
822132819	ins_1334304915,M1,j_2691344,1,Failed,507365,507471,m_4026,2,4,,,,
825566569	ins_914639885,task_NTUwNzc2NzM4MjY5NTYwMDI1OA==,j_2196032,7,Failed,354789,0,m_4026,1,2,,,,
825566900	ins_1335626709,task_NTUwNzc2NzM4MjY5NTYwMDI1OA==,j_2196032,7,Failed,355203,0,m_4026,1,2,,,,
834789368	ins_1328745862,M3_2,j_76647,1,Failed,338805,338812,m_4026,1,1,,,,
836896688	ins_1327615894,task_LTg0MTUwNTA5Mjg4MDkwNjIzMA==,j_2694448,10,Failed,157900,157901,m_4026,1,1,,,,
836946691	ins_750195182,task_LTM1MDg2NzQ2MzE3ODcwMzc0NTM=,j_2779118,8,Failed,192074,0,m_4026,1,2,,,,
838986188	ins_1045549382,task_NDg2ODM2NDIyMDczNDQ4NzMzOA==,j_774564,11,Failed,277867,0,m_4026,1,2,,,,
839225509	ins_953694344,J16_6_10_15,j_961771,1,Failed,678918,0,m_4026,1,2,,,,
841051987	ins_1267457658,M3_2,j_3082243,1,Failed,336717,336723,m_4026,1,1,,,,
841813310	ins_472808247,M3_2,j_3752676,1,Failed,334392,334398,m_4026,1,1,,,,
844504358	ins_284363722,M3_2,j_2938694,1,Failed,335948,335954,m_4026,1,1,,,,
860903043	ins_923703410,M3_2,j_698949,1,Failed,337663,337670,m_4026,1,1,,,,
862076484	ins_449424179,M3_2,j_2179441,1,Failed,336928,336935,m_4026,1,1,,,,
865356957	ins_5239264,J4_3_6_8_10_12_14_16,j_1378509,1,Failed,645028,645405,m_4026,1,2,,,,
865909604	ins_1327736344,M3_2,j_1944781,1,Failed,337973,337981,m_4026,1,1,,,,
869983958	ins_270367944,R11_10,j_2241282,1,Failed,127542,127917,m_4026,1,2,,,,
869991843	ins_1074234752,R11_10,j_2241282,1,Failed,127541,127917,m_4026,1,2,,,,
869998408	ins_163485896,R11_10,j_2241282,1,Failed,127541,127919,m_4026,1,2,,,,
873876769	ins_173319787,M3_2,j_2697520,1,Failed,338358,338365,m_4026,1,1,,,,
878079712	ins_1290339193,M6,j_3277571,1,Failed,462473,0,m_4026,1,2,,,,
880068364	ins_751465747,task_LTg0MTUwNTA5Mjg4MDkwNjIzMA==,j_1297131,10,Failed,583517,583518,m_4026,1,1,,,,
884244199	ins_229557689,task_NTUwNzc2NzM4MjY5NTYwMDI1OA==,j_1857196,7,Failed,545281,0,m_4026,2,3,,,,
884246559	ins_219963477,task_NTUwNzc2NzM4MjY5NTYwMDI1OA==,j_1857196,7,Failed,544970,0,m_4026,1,3,,,,
884283628	ins_1054393810,M1,j_1903699,1,Failed,300196,0,m_4026,1,2,,,,
896602014	ins_1198006989,R4_1_3,j_3795026,1,Failed,149196,149649,m_4026,1,4,,,,
896604564	ins_951620170,R4_1_3,j_3795026,1,Failed,150774,151062,m_4026,2,3,,,,
899511641	ins_609115246,M3_2,j_2530574,1,Failed,335798,335805,m_4026,1,1,,,,
900356991	ins_1205750968,M3_2,j_3565377,1,Failed,336998,337005,m_4026,1,1,,,,
902516239	ins_1318954719,M3_2,j_2015445,1,Failed,337533,337540,m_4026,1,1,,,,
903154680	ins_160236806,M6,j_2688554,1,Failed,461062,0,m_4026,1,2,,,,
903778191	ins_137229849,M3_2,j_3497827,1,Failed,335683,335689,m_4026,1,1,,,,
904519797	ins_158509207,J10_8_9,j_316319,1,Failed,92588,92589,m_4026,1,2,,,,
905198555	ins_682752660,M1,j_1183265,1,Failed,318680,318818,m_4026,1,2,,,,
905207380	ins_112243356,M1,j_1183265,1,Failed,318539,318708,m_4026,1,4,,,,
905208500	ins_934974521,M1,j_1183265,1,Failed,318765,318893,m_4026,2,3,,,,
905214619	ins_265035396,M1,j_1183265,1,Failed,318618,318760,m_4026,1,3,,,,
905217876	ins_1270914329,M1,j_1183265,1,Failed,318829,318949,m_4026,3,4,,,,
905226921	ins_1186935945,M1,j_1183265,1,Failed,318711,318846,m_4026,2,3,,,,
906672702	ins_234808518,M6,j_2738612,1,Failed,288270,0,m_4026,1,2,,,,
911570106	ins_372771981,M3_2,j_3965508,1,Failed,337823,337830,m_4026,1,1,,,,
913363114	ins_352692346,M3_2,j_1913373,1,Failed,337692,337698,m_4026,1,1,,,,
914873949	ins_1027896211,task_LTg0MTUwNTA5Mjg4MDkwNjIzMA==,j_3471127,10,Failed,578905,578906,m_4026,1,1,,,,
919867136	ins_197378140,M3_2,j_443660,1,Failed,334521,334526,m_4026,1,1,,,,
924510815	ins_916837259,M1,j_1995375,1,Failed,295393,295409,m_4026,2,4,,,,
924516227	ins_93085930,M1,j_1995375,1,Failed,295401,295416,m_4026,2,4,,,,
924523478	ins_1016982188,M1,j_1995375,1,Failed,295376,295394,m_4026,1,3,,,,
924539018	ins_543904135,M1,j_1995375,1,Failed,295415,0,m_4026,3,4,,,,
924540510	ins_625187901,M1,j_1995375,1,Failed,295367,295387,m_4026,1,4,,,,
933135174	ins_378495264,M1,j_3177114,1,Failed,214832,214898,m_4026,1,4,,,,
933138218	ins_1051087276,M1,j_3177114,1,Failed,214828,214901,m_4026,1,3,,,,
933138941	ins_802019833,M1,j_3177114,1,Failed,214908,214931,m_4026,2,4,,,,
933140758	ins_651670393,M1,j_3177114,1,Failed,214908,214933,m_4026,2,3,,,,
933157431	ins_860530034,M1,j_3177114,1,Failed,214937,0,m_4026,3,4,,,,
949680948	ins_731778964,M10,j_1229412,1,Failed,103770,0,m_4026,1,2,,,,
952930804	ins_1250352519,J22_4_5_21,j_458467,1,Failed,312430,312560,m_4026,1,2,,,,
953050741	ins_886033405,M1,j_549588,1,Failed,585440,0,m_4026,1,2,,,,
953999317	ins_185882723,M3_2,j_1844010,1,Failed,337941,337947,m_4026,1,1,,,,
960872689	ins_85000539,task_LTI0MjU2NDM0NTE3NDI0MzkwNjE=,j_1566573,3,Failed,297111,300806,m_4026,1,3,,,,
960873081	ins_998964498,task_LTI0MjU2NDM0NTE3NDI0MzkwNjE=,j_1566573,3,Failed,300814,0,m_4026,2,3,,,,
963381938	ins_1099502468,M1,j_292252,1,Failed,587420,0,m_4026,1,2,,,,
963550106	ins_264661639,task_ODg3NTU4NTE3NDcxODA4NjA5Ng==,j_541464,3,Failed,310884,0,m_4026,1,2,,,,
963551225	ins_284867908,task_ODg3NTU4NTE3NDcxODA4NjA5Ng==,j_541464,3,Failed,310884,0,m_4026,1,2,,,,
971774399	ins_283534744,task_LTM1MDg2NzQ2MzE3ODcwMzc0NTQ=,j_1174596,8,Failed,124443,0,m_4026,1,2,,,,
975746358	ins_517990915,M3_2,j_1514237,1,Failed,337965,0,m_4026,1,2,,,,
981796641	ins_1033478119,M3_2,j_59815,1,Failed,336541,336547,m_4026,1,1,,,,
986429439	ins_933379205,M3_2,j_1336019,1,Failed,334988,334994,m_4026,1,1,,,,
987190527	ins_148719062,M3_2,j_2117616,1,Failed,336668,336674,m_4026,1,1,,,,
987753263	ins_1273832552,M3_2,j_2710791,1,Failed,334178,334185,m_4026,1,1,,,,
987811026	ins_977829432,M3_2,j_2763810,1,Failed,335700,335706,m_4026,1,1,,,,
988245176	ins_282715355,task_ODg3NTU4NTE3NDcxODA4NjA5Ng==,j_3370575,3,Failed,396839,0,m_4026,1,2,,,,
988363872	ins_1226154091,M1,j_3447867,1,Failed,445828,0,m_4026,1,2,,,,
991198164	ins_486539856,M1,j_2746172,1,Failed,504570,504672,m_4026,3,4,,,,
991203744	ins_883816353,M1,j_2746172,1,Failed,504344,504453,m_4026,1,4,,,,
991205744	ins_911074945,M1,j_2746172,1,Failed,504464,504562,m_4026,2,4,,,,
994359390	ins_261070004,task_ODg3NTU4NTE3NDcxODA4NjA5Ng==,j_1700799,3,Failed,308272,0,m_4026,1,2,,,,
999080401	ins_26075851,M2,j_3280654,1,Failed,583670,0,m_4026,1,2,,,,
999256162	ins_527393231,task_ODg3NTU4NTE3NDcxODA4NjA5Ng==,j_3570188,3,Failed,175844,0,m_4026,1,2,,,,
1004022249	ins_843010006,M6,j_173073,1,Failed,374709,0,m_4026,1,2,,,,
1006695619	ins_1347761987,M3_2,j_3424425,1,Failed,337223,337229,m_4026,1,1,,,,
1011522848	ins_542683577,M3_2,j_329200,1,Failed,335911,335917,m_4026,1,1,,,,
1011951163	ins_1277517090,M6,j_870852,1,Failed,142063,0,m_4026,1,2,,,,
1012688055	ins_92449303,M3_2,j_1764137,1,Failed,336987,336994,m_4026,1,1,,,,
1013750139	ins_810302539,M3_2,j_3067473,1,Failed,334353,0,m_4026,1,2,,,,
1017090547	ins_1138829512,M1,j_2665330,1,Failed,214701,0,m_4026,1,2,,,,
1019103047	ins_867455348,M1,j_772351,1,Failed,210983,211008,m_4026,2,3,,,,
1019112424	ins_252377536,M1,j_772351,1,Failed,210901,210981,m_4026,1,3,,,,
1019114194	ins_14107100,M1,j_772351,1,Failed,210900,210984,m_4026,1,3,,,,
1019115408	ins_6199112,M1,j_772351,1,Failed,211011,0,m_4026,3,4,,,,
1019121375	ins_1154852151,M1,j_772351,1,Failed,210987,211011,m_4026,2,3,,,,
1022564491	ins_134740521,M3_2,j_745070,1,Failed,337970,337976,m_4026,1,1,,,,
1024339075	ins_792828208,task_LTg0MTUwNTA5Mjg4MDkwNjIzMA==,j_2842721,10,Failed,234773,234774,m_4026,1,1,,,,
1032115001	ins_794788882,R26_1,j_3074094,1,Failed,375322,375669,m_4026,1,2,,,,
1032452026	ins_369715309,task_LTg0MTUwNTA5Mjg4MDkwNjIzMA==,j_3466888,10,Failed,330967,330968,m_4026,1,1,,,,
1038436259	ins_661407804,M1,j_1947252,1,Failed,310690,310709,m_4026,2,5,,,,
1038441569	ins_1299065540,M1,j_1947252,1,Failed,310624,310689,m_4026,1,4,,,,
1040383486	ins_400017653,M3_2,j_4058997,1,Failed,336326,336332,m_4026,1,1,,,,
1041107959	ins_1229235945,J4_2_3,j_606301,1,Failed,87486,0,m_4026,1,1,,,,
1045601174	ins_659999974,M3_2,j_1544068,1,Failed,336591,336597,m_4026,1,1,,,,
1051578541	ins_502761349,M6,j_344465,1,Failed,376471,0,m_4026,1,2,,,,
1051745219	ins_36603313,J5_1_2_4,j_531829,1,Failed,186307,186459,m_4026,1,2,,,,
1055906102	ins_132847180,task_ODYzMjgxNjM3NDU5NTUwMjc5MA==,j_1299004,8,Failed,487495,487503,m_4026,3,4,,,,
1055906152	ins_713428895,task_ODYzMjgxNjM3NDU5NTUwMjc5MA==,j_1299004,8,Failed,487485,487492,m_4026,2,4,,,,
1055906912	ins_467821756,task_ODYzMjgxNjM3NDU5NTUwMjc5MA==,j_1299004,8,Failed,487466,487476,m_4026,1,4,,,,
1083360756	ins_374006781,task_LTg0MTUwNTA5Mjg4MDkwNjIzMA==,j_2888247,10,Failed,324638,324638,m_4026,1,1,,,,
1084003658	ins_330966065,M6,j_3635232,1,Failed,432331,0,m_4026,1,2,,,,
1084917380	ins_831838948,M3_2,j_433360,1,Failed,334141,334147,m_4026,1,1,,,,
1089805697	ins_144506420,M3_2,j_2077547,1,Failed,334604,0,m_4026,1,2,,,,
1091892094	ins_1345577963,M1,j_345510,1,Failed,506358,506478,m_4026,1,3,,,,
1091894237	ins_392459792,M1,j_345510,1,Failed,506489,506585,m_4026,2,3,,,,
1093587089	ins_12380636,M3_2,j_2123110,1,Failed,335882,0,m_4026,1,2,,,,
1096396259	ins_1035272054,M3_2,j_1129167,1,Failed,336541,336548,m_4026,1,1,,,,
1096925558	ins_341303098,M4_3,j_1929097,1,Failed,217361,0,m_4026,1,2,,,,
1107644032	ins_138867063,J18_1_3_4_5_6_9_12_13_14_15_16_17,j_1322078,1,Failed,301031,0,m_4026,1,2,,,,
1107668829	ins_40923952,M3_2,j_1384941,1,Failed,337140,337146,m_4026,1,1,,,,
1110879598	ins_942849944,task_ODg3NTU4NTE3NDcxODA4NjA5Ng==,j_1015348,3,Failed,275177,0,m_4026,1,2,,,,
1113916232	ins_840314933,M3_2,j_299081,1,Failed,335583,335588,m_4026,1,1,,,,
1116933165	ins_803028642,M2,j_3924268,1,Failed,581933,0,m_4026,1,2,,,,
1116933843	ins_1252865375,M2,j_3924268,1,Failed,581931,0,m_4026,1,2,,,,
1116934422	ins_757743832,M2,j_3924268,1,Failed,581934,0,m_4026,1,2,,,,
1118100411	ins_162880900,R4_3,j_1120971,1,Failed,197060,197082,m_4026,1,2,,,,
1126411202	ins_47130546,M6,j_1960205,1,Failed,635005,0,m_4026,1,2,,,,
1127495802	ins_558902182,M1,j_3243463,1,Failed,294001,294007,m_4026,3,4,,,,
1127496934	ins_1291485751,M1,j_3243463,1,Failed,293965,293990,m_4026,1,2,,,,
1127501681	ins_945646669,M1,j_3243463,1,Failed,293984,293994,m_4026,1,3,,,,
1127511203	ins_1183182056,M1,j_3243463,1,Failed,293965,293975,m_4026,1,4,,,,
1127513121	ins_857676106,M1,j_3243463,1,Failed,293984,293991,m_4026,2,3,,,,
1127519099	ins_558596220,M1,j_3243463,1,Failed,293966,293975,m_4026,1,4,,,,
1127925768	ins_395219566,task_LTM1MDg2NzQ2MzE3ODcwMzc0NTQ=,j_3704605,8,Failed,134191,0,m_4026,1,2,,,,
1127926631	ins_1144992224,task_LTM1MDg2NzQ2MzE3ODcwMzc0NTQ=,j_3704605,8,Failed,134191,0,m_4026,1,2,,,,
1129064059	ins_417606536,task_MzQwMDQzNjY0MzkwNzU2ODYyMg==,j_686344,12,Failed,557530,557546,m_4026,6,7,,,,
1129065652	ins_314449787,task_MzQwMDQzNjY0MzkwNzU2ODYyMg==,j_686344,12,Failed,557479,557496,m_4026,4,7,,,,
1129066950	ins_1323829828,task_MzQwMDQzNjY0MzkwNzU2ODYyMg==,j_686344,12,Failed,557480,557496,m_4026,4,7,,,,
1129073009	ins_275063330,task_MzQwMDQzNjY0MzkwNzU2ODYyMg==,j_686344,12,Failed,557431,557449,m_4026,2,7,,,,
1129073935	ins_902681370,task_MzQwMDQzNjY0MzkwNzU2ODYyMg==,j_686344,12,Failed,557505,557521,m_4026,5,7,,,,
1129075692	ins_166682456,task_MzQwMDQzNjY0MzkwNzU2ODYyMg==,j_686344,12,Failed,557455,557474,m_4026,3,6,,,,
1129075967	ins_151755608,task_MzQwMDQzNjY0MzkwNzU2ODYyMg==,j_686344,12,Failed,557431,557451,m_4026,2,7,,,,
1129089378	ins_878295687,task_MzQwMDQzNjY0MzkwNzU2ODYyMg==,j_686344,12,Failed,557404,557420,m_4026,1,6,,,,
1129106176	ins_1327825645,task_MzQwMDQzNjY0MzkwNzU2ODYyMg==,j_686344,12,Failed,557530,557546,m_4026,6,7,,,,
1129112502	ins_1089965208,task_MzQwMDQzNjY0MzkwNzU2ODYyMg==,j_686344,12,Failed,557405,557422,m_4026,1,7,,,,
1129113353	ins_1220663130,task_MzQwMDQzNjY0MzkwNzU2ODYyMg==,j_686344,12,Failed,557455,557473,m_4026,3,7,,,,
1129114074	ins_152343606,task_MzQwMDQzNjY0MzkwNzU2ODYyMg==,j_686344,12,Failed,557505,557523,m_4026,5,7,,,,
1135230864	ins_570628025,R5_4,j_3427540,1,Failed,166701,166704,m_4026,1,2,,,,
1143098256	ins_13128721,M3_2,j_274018,1,Failed,564231,564237,m_4026,1,1,,,,
1153101198	ins_91714793,task_LTg0MTUwNTA5Mjg4MDkwNjIzMA==,j_3318903,10,Failed,250138,250141,m_4026,1,1,,,,
1155096565	ins_727251361,M16,j_1427542,1,Failed,89407,0,m_4026,1,2,,,,
1155104612	ins_727252472,M16,j_1427542,1,Failed,89406,0,m_4026,1,2,,,,
1160644108	ins_1122988681,M3_2,j_3488138,1,Failed,334813,334819,m_4026,1,1,,,,
1162652470	ins_409264294,M3_2,j_1463421,1,Failed,336854,336860,m_4026,1,1,,,,
1163657855	ins_1201938122,J12_5_11,j_2513146,1,Failed,644911,645295,m_4026,1,3,,,,
1168293294	ins_160943316,M3_2,j_3866925,1,Failed,338605,338613,m_4026,1,1,,,,
1176567439	ins_329062962,M3_2,j_816946,1,Failed,335084,335091,m_4026,1,1,,,,
1182391939	ins_423510938,M3_2,j_3199131,1,Failed,337869,337876,m_4026,1,1,,,,
1195067237	ins_918633199,M2,j_981306,1,Failed,583608,0,m_4026,1,2,,,,
1195891800	ins_647650460,M3_2,j_2249190,1,Failed,335887,335894,m_4026,1,1,,,,
1199990769	ins_238944407,J13_11_12,j_2299207,1,Failed,197267,197642,m_4026,1,2,,,,
1200919972	ins_1119257821,M3_2,j_3313017,1,Failed,337613,337620,m_4026,1,1,,,,
1203181045	ins_1057448075,R9_8,j_1979377,1,Failed,145550,145706,m_4026,3,5,,,,
1205379391	ins_454368997,M3_2,j_345950,1,Failed,335234,335241,m_4026,1,1,,,,
1208210468	ins_1274373145,task_ODg3NTU4NTE3NDcxODA4NjA5Ng==,j_3678239,3,Failed,545821,0,m_4026,1,2,,,,
1213860189	ins_941991693,R4_3,j_1281390,1,Failed,316298,316745,m_4026,1,2,,,,
1218853446	ins_763266421,M3_2,j_3353228,1,Failed,336709,336716,m_4026,1,1,,,,
1220781690	ins_147236857,M2,j_1135779,1,Failed,581857,0,m_4026,1,2,,,,
1220783977	ins_48610028,M2,j_1135779,1,Failed,581857,0,m_4026,1,2,,,,
1222928041	ins_1153692740,M1,j_3545915,1,Failed,139670,139672,m_4026,1,1,,,,
1226128973	ins_839104252,task_NzkwNTc4MjA2ODI2MzE3NzU4MQ==,j_2955729,11,Failed,205630,0,m_4026,1,2,,,,
1227804162	ins_68378304,M3_2,j_605293,1,Failed,333993,334000,m_4026,1,1,,,,
1232257252	ins_543385324,M6,j_1899093,1,Failed,289842,0,m_4026,1,2,,,,
1237306568	ins_1120087190,M2,j_3582276,1,Failed,463535,463919,m_4026,1,2,,,,
1242275931	ins_585729072,M3_2,j_584674,1,Failed,336061,336066,m_4026,1,1,,,,
1244393622	ins_898658260,M2,j_3212773,1,Failed,581856,0,m_4026,1,2,,,,
1248051813	ins_524601248,M3_2,j_3159931,1,Failed,338583,338589,m_4026,1,1,,,,
1253528191	ins_83803179,M3_2,j_666679,1,Failed,337034,337041,m_4026,1,1,,,,
1253941922	ins_558603845,M6,j_1274720,1,Failed,173135,0,m_4026,1,2,,,,
1253944472	ins_545788898,M6,j_1274720,1,Failed,173130,0,m_4026,1,2,,,,
1253944742	ins_930526540,M6,j_1274720,1,Failed,173136,0,m_4026,1,2,,,,
1253946710	ins_1174581588,M6,j_1274720,1,Failed,173137,0,m_4026,1,2,,,,
1256643959	ins_111173778,M3_2,j_428100,1,Failed,337836,0,m_4026,1,2,,,,
1260077983	ins_715330250,M3_2,j_53433,1,Failed,334023,334030,m_4026,1,1,,,,
1261095765	ins_1030410881,task_LTg0MTUwNTA5Mjg4MDkwNjIzMA==,j_1212876,10,Failed,587748,587750,m_4026,1,1,,,,
1271736422	ins_898117223,task_LTg0MTUwNTA5Mjg4MDkwNjIzMA==,j_721738,10,Failed,583253,583259,m_4026,1,1,,,,
1274427316	ins_178814682,task_LTg0MTUwNTA5Mjg4MDkwNjIzMA==,j_3949518,10,Failed,235440,235443,m_4026,1,1,,,,
1274616523	ins_274046636,M1,j_4168132,1,Failed,300184,0,m_4026,1,2,,,,
1274619937	ins_1079002486,M1,j_4168132,1,Failed,300176,0,m_4026,1,2,,,,
1276187861	ins_257204258,M3_2,j_1869005,1,Failed,334971,334977,m_4026,1,1,,,,
1285477596	ins_165210481,M3_2,j_4028176,1,Failed,336852,336858,m_4026,1,1,,,,
1288564821	ins_840929093,M3_2,j_3005188,1,Failed,338426,0,m_4026,1,2,,,,
1288639558	ins_211076014,M3_2,j_3141328,1,Failed,334687,334694,m_4026,1,1,,,,
1290754577	ins_690327316,task_LTg0MTUwNTA5Mjg4MDkwNjIzMA==,j_1596874,10,Failed,244372,244372,m_4026,1,1,,,,
1293082929	ins_1086883445,task_ODg3NTU4NTE3NDcxODA4NjA5Ng==,j_172621,3,Failed,309613,0,m_4026,1,2,,,,
1294217528	ins_1275540927,M7_4_6,j_1221841,1,Failed,230409,230413,m_4026,1,1,,,,
1294222717	ins_833797270,M7_4_6,j_1221841,1,Failed,230408,230412,m_4026,1,1,,,,
1302928346	ins_970283132,M3_2,j_3138674,1,Failed,337981,337988,m_4026,1,1,,,,
1304138834	ins_899985565,M3_2,j_103521,1,Failed,335697,335704,m_4026,1,1,,,,
1307849126	ins_992304009,M3_2,j_327147,1,Failed,338589,338595,m_4026,1,1,,,,
1309643885	ins_1223505188,M5,j_2282627,1,Failed,581844,0,m_4026,1,2,,,,
1309645297	ins_1067397625,M5,j_2282627,1,Failed,581844,0,m_4026,1,2,,,,
1311617683	ins_367256393,R6_5,j_619854,1,Failed,152342,152524,m_4026,7,8,,,,
1311623763	ins_1079497602,R6_5,j_619854,1,Failed,143557,144575,m_4026,1,7,,,,
1320300144	ins_16904368,M3_2,j_2023495,1,Failed,334152,334158,m_4026,1,1,,,,
1321385988	ins_774635252,M3_2,j_3457859,1,Failed,335842,335848,m_4026,1,1,,,,
1322853047	ins_1019756794,M5,j_836535,1,Failed,579196,0,m_4026,1,2,,,,
1323593018	ins_60548990,M3_2,j_1757271,1,Failed,335301,335308,m_4026,1,1,,,,
1324997672	ins_944095131,M3_2,j_3601116,1,Failed,337008,337016,m_4026,1,1,,,,
1325841241	ins_1208065610,task_ODg3NTU4NTE3NDcxODA4NjA5Ng==,j_131487,3,Failed,211926,0,m_4026,1,2,,,,
1325841547	ins_227627781,task_ODg3NTU4NTE3NDcxODA4NjA5Ng==,j_131487,3,Failed,211927,0,m_4026,1,2,,,,
1325841943	ins_171741750,task_ODg3NTU4NTE3NDcxODA4NjA5Ng==,j_131487,3,Failed,211927,0,m_4026,1,2,,,,
1325843234	ins_634278946,task_ODg3NTU4NTE3NDcxODA4NjA5Ng==,j_131487,3,Failed,211927,212285,m_4026,1,1,,,,
1325843839	ins_730263564,task_ODg3NTU4NTE3NDcxODA4NjA5Ng==,j_131487,3,Failed,211924,0,m_4026,1,2,,,,
1327184631	ins_555449688,task_NzQ3MjEzNzg0MzE5NDE5NzM1Mg==,j_1629542,3,Failed,103168,0,m_4026,1,2,,,,
1328690830	ins_92372620,M3_2,j_3273549,1,Failed,150050,0,m_4026,1,2,,,,
1328985641	ins_1164343632,M3_2,j_3721915,1,Failed,334298,0,m_4026,1,2,,,,
1330943494	ins_1205370465,task_LTM1MDg2NzQ2MzE3ODcwMzc0NTQ=,j_1593869,8,Failed,649398,0,m_4026,1,2,,,,
1336273409	ins_227314375,M3_2,j_3653017,1,Failed,335601,335608,m_4026,1,1,,,,
1337790331	ins_1096680571,M1,j_1157307,1,Failed,212357,212448,m_4026,1,4,,,,
1337794563	ins_815004299,M1,j_1157307,1,Failed,212457,212490,m_4026,2,3,,,,
1337802400	ins_664046455,M1,j_1157307,1,Failed,212451,212480,m_4026,2,4,,,,
1337802562	ins_763420275,M1,j_1157307,1,Failed,212358,212445,m_4026,1,4,,,,
1337804358	ins_735815473,M1,j_1157307,1,Failed,212484,212513,m_4026,3,4,,,,
1337805833	ins_599846537,M1,j_1157307,1,Failed,212452,212487,m_4026,2,4,,,,
1337806432	ins_752923583,M1,j_1157307,1,Failed,212357,212454,m_4026,1,4,,,,
1345708431	ins_629089457,M3_2,j_1901575,1,Failed,334085,334091,m_4026,1,1,,,,
1348090035	ins_335815055,J8_1_3_4_7,j_523970,1,Failed,674681,674704,m_4026,1,4,,,,
1348092064	ins_954254369,J8_1_3_4_7,j_523970,1,Failed,674729,674752,m_4026,3,4,,,,
1348092938	ins_173130695,J8_1_3_4_7,j_523970,1,Failed,674705,674729,m_4026,2,4,,,,
1348668561	ins_944487554,M6,j_908450,1,Failed,635725,0,m_4026,1,2,,,,
1348682224	ins_1286330384,M6,j_908450,1,Failed,635825,0,m_4026,1,2,,,,
