instance_name,task_name,job_name,task_type,status,start_time,end_time,machine_id,seq_no, total_seq_no,Unnamed: 10,Unnamed: 11,Unnamed: 12,Unnamed: 13
ins_1085945400,M1,j_37051,1,Failed,92260,92266,m_1831,1,2,,,,
ins_897313482,J10_8_9,j_316319,1,Failed,92588,92589,m_1831,1,2,,,,
ins_192375356,J5_1_2_4,j_1471840,1,Failed,96194,0,m_1831,1,2,,,,
ins_1338779442,M6_3_5,j_2710575,1,Failed,97367,0,m_1831,1,2,,,,
ins_930059063,J23_7_12,j_979489,1,Failed,101736,102080,m_1831,1,2,,,,
ins_1045353994,J15_1_2_3_4_5_6_7_14,j_329955,1,Failed,101914,102079,m_1831,1,2,,,,
ins_742076787,J3_1_2,j_170415,1,Failed,102596,102758,m_1831,1,2,,,,
ins_892363414,J8_3_4_5_6_7_11_12_13_16,j_3708994,1,Failed,106232,0,m_1831,1,2,,,,
ins_603556200,M1,j_172082,1,Failed,106780,0,m_1831,1,2,,,,
ins_1113214893,R12_11,j_1622485,1,Failed,111125,111167,m_1831,1,2,,,,
ins_485865183,R4_3,j_315956,1,Failed,112621,113438,m_1831,1,2,,,,
ins_601230221,J4_1_2_3,j_2325881,1,Failed,112755,113240,m_1831,1,3,,,,
ins_745269030,M1,j_531331,1,Failed,116136,116140,m_1831,1,2,,,,
ins_1101073771,task_ODg3NTU4NTE3NDcxODA4NjA5Ng==,j_1592733,3,Failed,116951,0,m_1831,1,2,,,,
ins_1176925606,task_NDg2ODM2NDIyMDczNDQ4NzMzOA==,j_698512,11,Failed,118264,0,m_1831,1,2,,,,
ins_569482950,task_LTM1MDg2NzQ2MzE3ODcwMzc0NTQ=,j_977760,8,Failed,123336,0,m_1831,1,2,,,,
ins_474950815,task_LTM1MDg2NzQ2MzE3ODcwMzc0NTQ=,j_977760,8,Failed,123336,0,m_1831,1,2,,,,
ins_565326159,task_LTM1MDg2NzQ2MzE3ODcwMzc0NTQ=,j_2976986,8,Failed,123349,0,m_1831,1,2,,,,
ins_319382017,R2_1,j_145942,1,Failed,123938,0,m_1831,1,2,,,,
ins_193346032,task_LTM1MDg2NzQ2MzE3ODcwMzc0NTQ=,j_1174596,8,Failed,124442,0,m_1831,1,2,,,,
ins_966040667,task_LTM1MDg2NzQ2MzE3ODcwMzc0NTQ=,j_2836746,8,Failed,124587,0,m_1831,1,2,,,,
ins_50345381,task_LTM1MDg2NzQ2MzE3ODcwMzc0NTQ=,j_2836746,8,Failed,124588,0,m_1831,1,2,,,,
ins_212374271,task_LTM1MDg2NzQ2MzE3ODcwMzc0NTQ=,j_3288941,8,Failed,125784,0,m_1831,1,2,,,,
ins_1186978984,task_LTM1MDg2NzQ2MzE3ODcwMzc0NTQ=,j_3288941,8,Failed,125785,0,m_1831,1,2,,,,
ins_324858475,M6,j_2132500,1,Failed,129686,0,m_1831,1,2,,,,
ins_106809957,M1,j_2576183,1,Failed,130273,0,m_1831,1,2,,,,
ins_658111284,task_LTM1MDg2NzQ2MzE3ODcwMzc0NTQ=,j_3798438,8,Failed,134227,0,m_1831,1,2,,,,
ins_863011783,task_LTM1MDg2NzQ2MzE3ODcwMzc0NTQ=,j_888646,8,Failed,134534,0,m_1831,1,2,,,,
ins_470895726,task_LTM1MDg2NzQ2MzE3ODcwMzc0NTQ=,j_2792089,8,Failed,135520,0,m_1831,1,2,,,,
ins_434112334,task_LTM1MDg2NzQ2MzE3ODcwMzc0NTQ=,j_2792089,8,Failed,135520,0,m_1831,1,2,,,,
ins_709402502,R6_5,j_619854,1,Failed,143556,144484,m_1831,1,5,,,,
ins_701062767,M6,j_4185445,1,Failed,143578,0,m_1831,1,2,,,,
ins_164883426,M6,j_4185445,1,Failed,144049,0,m_1831,2,3,,,,
ins_1288454141,M2_1,j_4185445,1,Failed,144065,0,m_1831,1,2,,,,
ins_476883618,R9_8,j_1979377,1,Failed,145807,145959,m_1831,3,4,,,,
ins_1339046239,R6_5,j_619854,1,Failed,147606,147757,m_1831,2,6,,,,
ins_803878963,R6_5,j_619854,1,Failed,147762,147944,m_1831,4,8,,,,
ins_805076307,R4_1_3,j_3795026,1,Failed,149196,149624,m_1831,1,3,,,,
ins_285905076,R6_5,j_619854,1,Failed,149330,149914,m_1831,4,5,,,,
ins_1241952685,R5_1_2_4,j_2489716,1,Failed,153112,153265,m_1831,2,3,,,,
ins_880244190,task_LTg0MTUwNTA5Mjg4MDkwNjIzMA==,j_198728,10,Failed,153226,153227,m_1831,1,1,,,,
ins_733147454,M1,j_937739,1,Failed,154363,154365,m_1831,1,1,,,,
ins_351820564,M3_2,j_917894,1,Failed,156401,156404,m_1831,1,1,,,,
ins_874833236,M3_2,j_2452120,1,Failed,156704,156707,m_1831,1,1,,,,
ins_228455092,M1,j_3937814,1,Failed,158823,158828,m_1831,1,1,,,,
ins_816106923,M1,j_539598,1,Failed,160664,162029,m_1831,1,5,,,,
ins_450981490,M1,j_539598,1,Failed,160664,162033,m_1831,1,4,,,,
ins_1284289696,M1,j_539598,1,Failed,160665,162038,m_1831,1,4,,,,
ins_183904431,M1,j_539598,1,Failed,162031,162477,m_1831,2,4,,,,
ins_1341141646,M1,j_539598,1,Failed,162034,162474,m_1831,2,4,,,,
ins_152618446,M1,j_539598,1,Failed,162039,162471,m_1831,2,5,,,,
ins_116887113,M1,j_539598,1,Failed,162473,162905,m_1831,3,4,,,,
ins_1263950761,M1,j_539598,1,Failed,162475,162909,m_1831,3,4,,,,
ins_623224848,M1,j_539598,1,Failed,162479,162913,m_1831,3,4,,,,
ins_973687667,task_NDg2ODM2NDIyMDczNDQ4NzMzOA==,j_3623573,11,Failed,162853,0,m_1831,1,2,,,,
ins_230055915,M1,j_539598,1,Failed,162912,0,m_1831,4,5,,,,
ins_764294093,M1,j_234735,1,Failed,163059,163065,m_1831,1,2,,,,
ins_653065530,R5_4,j_3427540,1,Failed,166701,166704,m_1831,1,2,,,,
ins_5666254,R5_4,j_848956,1,Failed,167107,167109,m_1831,1,2,,,,
ins_1236290304,R2_1,j_3424534,1,Failed,167559,0,m_1831,1,3,,,,
ins_875439181,R2_1,j_3424534,1,Failed,167706,0,m_1831,2,3,,,,
ins_1002715214,R4_3,j_3724806,1,Failed,169771,170162,m_1831,1,2,,,,
ins_147438459,task_ODg3NTU4NTE3NDcxODA4NjA5Ng==,j_3570188,3,Failed,175844,0,m_1831,1,2,,,,
ins_347155992,J5_2_3_4,j_419674,1,Failed,178946,0,m_1831,1,2,,,,
ins_336437940,M1,j_1170660,1,Failed,180399,182157,m_1831,1,4,,,,
ins_1177053239,M1,j_1170660,1,Failed,180399,181751,m_1831,1,5,,,,
ins_511592766,M1,j_1170660,1,Failed,180400,182167,m_1831,1,3,,,,
ins_737153001,J5_1_2_3_4,j_4008003,1,Failed,180534,180921,m_1831,1,3,,,,
ins_691255927,M1,j_1170660,1,Failed,181753,182217,m_1831,2,4,,,,
ins_807512806,M1,j_1170660,1,Failed,182158,182614,m_1831,2,3,,,,
ins_1080750065,M1,j_1170660,1,Failed,182169,182633,m_1831,2,3,,,,
ins_1025665683,M1,j_1170660,1,Failed,182219,182687,m_1831,3,4,,,,
ins_935238620,M1,j_1170660,1,Failed,182691,0,m_1831,4,5,,,,
ins_111399241,J3_1_2,j_3639039,1,Failed,185045,185329,m_1831,1,2,,,,
ins_834860082,R2_1,j_3999647,1,Failed,185241,185406,m_1831,1,2,,,,
ins_70790398,J8_6_7,j_1539284,1,Failed,185243,185561,m_1831,1,3,,,,
ins_1246331756,M1,j_4019413,1,Failed,190231,190367,m_1831,1,2,,,,
ins_542831856,J9_1_3_5_7_8_15,j_2718081,1,Failed,190524,190527,m_1831,1,2,,,,
ins_970448844,J13_11_12,j_2299207,1,Failed,197268,197638,m_1831,1,2,,,,
ins_1055143462,J3_1_2,j_597192,1,Failed,197295,197641,m_1831,1,3,,,,
ins_582439798,R3_10,j_2165930,1,Failed,197327,197652,m_1831,1,2,,,,
ins_719854134,J18_9_17,j_3053758,1,Failed,197479,197757,m_1831,1,2,,,,
ins_649349786,R5_4,j_1883344,1,Failed,197481,197759,m_1831,1,2,,,,
ins_1008288738,M6,j_2557902,1,Failed,202787,0,m_1831,1,2,,,,
ins_514893570,M6,j_2557902,1,Failed,202942,0,m_1831,1,2,,,,
ins_409969934,M15_14,j_3223924,1,Failed,203436,203446,m_1831,1,2,,,,
ins_46616580,M6,j_821972,1,Failed,203719,0,m_1831,1,2,,,,
ins_1074127379,task_ODg3NTU4NTE3NDcxODA4NjA5Ng==,j_3993093,3,Failed,204862,0,m_1831,1,2,,,,
ins_1225134765,M1,j_772351,1,Failed,210900,210972,m_1831,1,4,,,,
ins_802287286,M1,j_772351,1,Failed,210901,210978,m_1831,1,4,,,,
ins_1308546979,M1,j_772351,1,Failed,210973,211002,m_1831,2,4,,,,
ins_1046779973,M1,j_772351,1,Failed,210982,211006,m_1831,2,4,,,,
ins_496502092,M1,j_772351,1,Failed,211009,211030,m_1831,3,4,,,,
ins_1235633016,M1,j_772351,1,Failed,211010,211039,m_1831,3,4,,,,
ins_585358961,M1,j_772351,1,Failed,211035,0,m_1831,3,4,,,,
ins_1175681789,M1,j_1878594,1,Failed,211265,211770,m_1831,1,5,,,,
ins_573871239,M1,j_1878594,1,Failed,211265,211774,m_1831,1,4,,,,
ins_257073796,M1,j_1878594,1,Failed,211267,211779,m_1831,1,4,,,,
ins_851956521,M1,j_1878594,1,Failed,211773,211945,m_1831,2,4,,,,
ins_880299332,M1,j_1878594,1,Failed,211776,211962,m_1831,2,5,,,,
ins_779391006,M1,j_1878594,1,Failed,211782,211962,m_1831,2,4,,,,
ins_820234011,task_ODg3NTU4NTE3NDcxODA4NjA5Ng==,j_131487,3,Failed,211924,212284,m_1831,1,1,,,,
ins_1339644692,M1,j_1878594,1,Failed,211954,212128,m_1831,3,5,,,,
ins_1006612112,M1,j_1878594,1,Failed,211968,212144,m_1831,3,5,,,,
ins_284632853,M1,j_1878594,1,Failed,211968,212142,m_1831,3,5,,,,
ins_3980800,M1,j_1878594,1,Failed,212132,0,m_1831,4,5,,,,
ins_658376964,M1,j_1157307,1,Failed,212355,212443,m_1831,1,4,,,,
ins_247598997,M1,j_1157307,1,Failed,212357,212440,m_1831,1,4,,,,
ins_1339043053,M1,j_1157307,1,Failed,212358,212447,m_1831,1,4,,,,
ins_1238758223,M1,j_1157307,1,Failed,212447,212474,m_1831,2,4,,,,
ins_1097280260,M1,j_1157307,1,Failed,212448,212478,m_1831,2,4,,,,
ins_546298366,M1,j_1157307,1,Failed,212450,212477,m_1831,2,4,,,,
ins_230551239,M1,j_1157307,1,Failed,212476,212506,m_1831,3,4,,,,
ins_309605774,M1,j_1157307,1,Failed,212479,212503,m_1831,3,4,,,,
ins_563282879,M1,j_1157307,1,Failed,212482,212509,m_1831,3,4,,,,
ins_1168780856,M1,j_1628214,1,Failed,213707,213707,m_1831,1,1,,,,
ins_1200599846,M1,j_2665330,1,Failed,214699,214702,m_1831,1,1,,,,
ins_384907028,M1,j_3177114,1,Failed,214826,214886,m_1831,1,5,,,,
ins_377017341,M1,j_3177114,1,Failed,214826,214890,m_1831,1,4,,,,
ins_909762497,M1,j_3177114,1,Failed,214826,214891,m_1831,1,4,,,,
ins_636788007,M1,j_3177114,1,Failed,214898,214917,m_1831,2,4,,,,
ins_1342968775,M1,j_3177114,1,Failed,214898,214918,m_1831,2,4,,,,
ins_160897155,M1,j_3177114,1,Failed,214898,214917,m_1831,2,4,,,,
ins_759354452,M1,j_3177114,1,Failed,214922,214943,m_1831,2,3,,,,
ins_603768700,M1,j_3177114,1,Failed,214922,214942,m_1831,3,4,,,,
ins_969746110,M1,j_3177114,1,Failed,214922,214941,m_1831,3,4,,,,
ins_406368193,M1,j_3177114,1,Failed,214943,0,m_1831,4,5,,,,
ins_523462350,M1,j_3257429,1,Failed,219817,219916,m_1831,1,4,,,,
ins_495737796,M1,j_3257429,1,Failed,219817,219911,m_1831,1,5,,,,
ins_638270518,M1,j_3257429,1,Failed,219817,219919,m_1831,1,4,,,,
ins_1079151030,M1,j_3257429,1,Failed,219914,219951,m_1831,2,5,,,,
ins_893356367,M1,j_3257429,1,Failed,219918,219954,m_1831,2,4,,,,
ins_272931545,M1,j_3257429,1,Failed,219921,219955,m_1831,2,4,,,,
ins_968121717,M1,j_3257429,1,Failed,219953,219990,m_1831,3,4,,,,
ins_1209629694,M1,j_3257429,1,Failed,219955,219991,m_1831,3,4,,,,
ins_989067591,M1,j_3257429,1,Failed,219956,219992,m_1831,3,5,,,,
ins_757016342,M1,j_3392457,1,Failed,222610,222681,m_1831,1,4,,,,
ins_364083970,M1,j_3392457,1,Failed,222610,222675,m_1831,1,4,,,,
ins_556841360,M1,j_3392457,1,Failed,222611,222677,m_1831,1,4,,,,
ins_2665306,M1,j_3392457,1,Failed,222678,222699,m_1831,2,3,,,,
ins_1206517239,M1,j_3392457,1,Failed,222681,222699,m_1831,2,4,,,,
ins_45086038,M1,j_3392457,1,Failed,222685,222705,m_1831,2,4,,,,
ins_1015029104,M1,j_3392457,1,Failed,222712,222731,m_1831,3,4,,,,
ins_835068216,M1,j_3392457,1,Failed,222712,222731,m_1831,3,4,,,,
ins_559833194,M1,j_3392457,1,Failed,222713,222731,m_1831,3,4,,,,
ins_539825149,M1,j_3691525,1,Failed,229323,229818,m_1831,1,4,,,,
ins_81319067,M1,j_3691525,1,Failed,229324,229819,m_1831,1,4,,,,
ins_974755163,M1,j_3691525,1,Failed,229327,229824,m_1831,1,4,,,,
ins_1289702102,M1,j_3691525,1,Failed,229820,229994,m_1831,2,4,,,,
ins_330901169,M1,j_3691525,1,Failed,229821,229997,m_1831,2,4,,,,
ins_71032394,M1,j_3691525,1,Failed,229827,230006,m_1831,2,4,,,,
ins_271717266,M1,j_3691525,1,Failed,230000,230173,m_1831,3,4,,,,
ins_212485199,M1,j_3691525,1,Failed,230001,230178,m_1831,2,3,,,,
ins_740057819,M1,j_3691525,1,Failed,230017,230193,m_1831,3,4,,,,
ins_1240114277,M1,j_3691525,1,Failed,230196,0,m_1831,3,4,,,,
ins_1125255863,R2_1,j_624079,1,Failed,232428,232809,m_1831,1,2,,,,
ins_89561681,M1,j_255017,1,Failed,232483,0,m_1831,1,2,,,,
ins_1188808733,J13_10_11_12,j_121902,1,Failed,235407,235785,m_1831,1,2,,,,
ins_464640814,J5_3_4,j_1710369,1,Failed,235541,235935,m_1831,1,2,,,,
ins_239273706,task_LTg0MTUwNTA5Mjg4MDkwNjIzMA==,j_3938821,10,Failed,238113,238113,m_1831,1,1,,,,
ins_758332820,task_LTg0MTUwNTA5Mjg4MDkwNjIzMA==,j_987498,10,Failed,238778,238781,m_1831,1,1,,,,
ins_568773822,M4,j_1922756,1,Failed,238824,0,m_1831,1,2,,,,
ins_232494799,task_LTg0MTUwNTA5Mjg4MDkwNjIzMA==,j_993164,10,Failed,238856,238856,m_1831,1,1,,,,
ins_281381687,task_LTg0MTUwNTA5Mjg4MDkwNjIzMA==,j_196559,10,Failed,239254,239256,m_1831,1,1,,,,
ins_126793388,task_LTg0MTUwNTA5Mjg4MDkwNjIzMA==,j_4122184,10,Failed,243001,243005,m_1831,1,1,,,,
ins_483721724,task_LTg0MTUwNTA5Mjg4MDkwNjIzMA==,j_125872,10,Failed,243843,243845,m_1831,1,1,,,,
ins_219253178,task_LTg0MTUwNTA5Mjg4MDkwNjIzMA==,j_2530705,10,Failed,243938,243939,m_1831,1,1,,,,
ins_967921126,task_LTg0MTUwNTA5Mjg4MDkwNjIzMA==,j_2060933,10,Failed,245494,245495,m_1831,1,1,,,,
ins_611418569,task_LTg0MTUwNTA5Mjg4MDkwNjIzMA==,j_3866020,10,Failed,246362,246362,m_1831,1,1,,,,
ins_1316627508,M4,j_2700973,1,Failed,249787,0,m_1831,1,1,,,,
ins_1196753498,task_LTg0MTUwNTA5Mjg4MDkwNjIzMA==,j_2496272,10,Failed,250771,250773,m_1831,1,1,,,,
ins_728224329,task_LTg0MTUwNTA5Mjg4MDkwNjIzMA==,j_2828237,10,Failed,250902,250905,m_1831,1,1,,,,
ins_1114800247,task_LTg0MTUwNTA5Mjg4MDkwNjIzMA==,j_883205,10,Failed,251845,251848,m_1831,1,1,,,,
ins_488592794,R3_2,j_2319855,1,Failed,252645,253036,m_1831,1,2,,,,
ins_501502652,J5_2_3_4,j_447992,1,Failed,267913,0,m_1831,1,2,,,,
ins_635240658,task_ODg3NTU4NTE3NDcxODA4NjA5Ng==,j_1015348,3,Failed,275177,0,m_1831,1,2,,,,
ins_584535413,M1,j_1462632,1,Failed,276904,0,m_1831,1,2,,,,
ins_677618790,M3,j_2540624,1,Failed,282500,0,m_1831,1,2,,,,
ins_443190093,M1,j_2419336,1,Failed,287960,288012,m_1831,1,2,,,,
ins_930059329,M6,j_2738612,1,Failed,288270,0,m_1831,1,2,,,,
ins_115526238,M6,j_2738612,1,Failed,288270,0,m_1831,1,2,,,,
ins_1225593245,M6,j_1899093,1,Failed,289840,0,m_1831,1,2,,,,
ins_298753554,M1,j_3243463,1,Failed,293967,293989,m_1831,1,2,,,,
ins_846788338,M1,j_3243463,1,Failed,293976,293990,m_1831,1,3,,,,
ins_531488331,M1,j_3243463,1,Failed,293979,293987,m_1831,2,4,,,,
ins_287704620,M1,j_3243463,1,Failed,294002,294010,m_1831,3,4,,,,
ins_866875170,M1,j_3243463,1,Failed,294002,294017,m_1831,2,3,,,,
ins_1201044820,M1,j_1995375,1,Failed,295361,295385,m_1831,1,4,,,,
ins_1187298961,M1,j_1995375,1,Failed,295367,295387,m_1831,1,3,,,,
ins_1238873472,M1,j_1995375,1,Failed,295368,295390,m_1831,1,4,,,,
ins_408821306,M1,j_1995375,1,Failed,295393,295411,m_1831,2,4,,,,
ins_875383297,M1,j_1995375,1,Failed,295393,295410,m_1831,2,4,,,,
ins_863078941,M1,j_1995375,1,Failed,295399,295415,m_1831,2,4,,,,
ins_1280852512,M1,j_1995375,1,Failed,295415,0,m_1831,3,4,,,,
ins_160674699,M1,j_1995375,1,Failed,295418,0,m_1831,3,4,,,,
ins_781592825,task_LTI0MjU2NDM0NTE3NDI0MzkwNjE=,j_1566573,3,Failed,297111,0,m_1831,1,2,,,,
ins_1015965188,M1,j_1873749,1,Failed,298441,298497,m_1831,1,2,,,,
ins_852302701,R6_5,j_1898633,1,Failed,299967,300549,m_1831,1,4,,,,
ins_330985218,M2,j_1090690,1,Failed,299970,300215,m_1831,1,2,,,,
ins_866877035,R15_14,j_3568358,1,Failed,300152,300236,m_1831,1,2,,,,
ins_400790698,M1,j_4168132,1,Failed,300185,0,m_1831,1,2,,,,
ins_363481368,J5_1_4,j_3225587,1,Failed,300188,300429,m_1831,1,3,,,,
ins_1058328038,M1,j_1903699,1,Failed,300202,0,m_1831,1,2,,,,
ins_1032734611,J18_1_3_4_5_6_9_12_13_14_15_16_17,j_1322078,1,Failed,301031,0,m_1831,1,2,,,,
ins_489174834,M5,j_1918955,1,Failed,304507,304619,m_1831,1,2,,,,
ins_1291449991,R6_5,j_1898633,1,Failed,304751,304934,m_1831,3,5,,,,
ins_897558615,R2_1,j_1927612,1,Failed,307610,308021,m_1831,1,2,,,,
ins_767165086,task_ODg3NTU4NTE3NDcxODA4NjA5Ng==,j_1700799,3,Failed,308269,0,m_1831,1,2,,,,
ins_631861413,task_ODg3NTU4NTE3NDcxODA4NjA5Ng==,j_1700799,3,Failed,308270,0,m_1831,1,2,,,,
ins_1300564004,task_ODg3NTU4NTE3NDcxODA4NjA5Ng==,j_2062442,3,Failed,308714,0,m_1831,1,2,,,,
ins_1190359252,M1,j_1947252,1,Failed,310623,310694,m_1831,1,4,,,,
ins_487038225,M1,j_1947252,1,Failed,310695,310715,m_1831,2,4,,,,
ins_929797218,M1,j_1947252,1,Failed,310715,0,m_1831,2,3,,,,
ins_53530822,task_ODg3NTU4NTE3NDcxODA4NjA5Ng==,j_541464,3,Failed,310884,0,m_1831,1,2,,,,
ins_886237070,task_ODg3NTU4NTE3NDcxODA4NjA5Ng==,j_541464,3,Failed,310884,0,m_1831,1,2,,,,
ins_170454283,M1,j_4101674,1,Failed,311476,311545,m_1831,1,2,,,,
ins_1117193376,M1,j_4101674,1,Failed,311555,311572,m_1831,2,3,,,,
ins_951611056,M1,j_3848876,1,Failed,313216,313367,m_1831,1,4,,,,
ins_941968212,M1,j_3848876,1,Failed,313217,313340,m_1831,1,3,,,,
ins_419631976,M1,j_3848876,1,Failed,313344,313456,m_1831,2,3,,,,
ins_229962852,M1,j_3848876,1,Failed,313369,313519,m_1831,2,3,,,,
ins_1267830466,M1,j_746709,1,Failed,313695,313700,m_1831,1,3,,,,
ins_1051392427,M1,j_746709,1,Failed,313716,313721,m_1831,2,3,,,,
ins_502112085,M1,j_2278838,1,Failed,313777,313781,m_1831,1,4,,,,
ins_1275289163,M1,j_2278838,1,Failed,313784,313789,m_1831,2,4,,,,
ins_987075784,M1,j_2278838,1,Failed,313793,313798,m_1831,2,4,,,,
ins_743256409,M1,j_2278838,1,Failed,313807,0,m_1831,3,4,,,,
ins_589025675,M1,j_3754361,1,Failed,314636,314641,m_1831,1,4,,,,
ins_1261599549,M1,j_3754361,1,Failed,314636,314640,m_1831,1,4,,,,
ins_1016263779,M1,j_3754361,1,Failed,314641,314643,m_1831,2,4,,,,
ins_412562977,M1,j_3754361,1,Failed,314650,314653,m_1831,3,4,,,,
ins_917877544,M1,j_3754361,1,Failed,314651,314656,m_1831,2,4,,,,
ins_359717571,M1,j_3754361,1,Failed,314662,314667,m_1831,3,4,,,,
ins_452040374,M1,j_3754361,1,Failed,314662,314666,m_1831,4,4,,,,
ins_757354801,M5,j_1459306,1,Failed,315552,315610,m_1831,1,1,93.0,751.0,0.4,0.49
ins_87836745,R4_3,j_639888,1,Failed,315889,316530,m_1831,1,3,,,,
ins_205169014,R4_3,j_639888,1,Failed,317214,317448,m_1831,2,3,,,,
ins_899044182,M1,j_1183265,1,Failed,318539,318712,m_1831,1,3,,,,
ins_531283007,M1,j_1183265,1,Failed,318540,318685,m_1831,1,3,,,,
ins_952071897,M1,j_1183265,1,Failed,318662,318803,m_1831,1,2,,,,
ins_869723272,M1,j_1183265,1,Failed,318702,318850,m_1831,2,4,,,,
ins_172111166,M1,j_1183265,1,Failed,318727,318857,m_1831,2,4,,,,
ins_13069927,M1,j_1183265,1,Failed,318814,318949,m_1831,2,3,,,,
ins_983666988,task_ODg3NTU4NTE3NDcxODA4NjA5Ng==,j_1341887,3,Failed,321535,0,m_1831,1,2,,,,
ins_333474902,R2_1,j_3408807,1,Failed,322187,322189,m_1831,1,1,,,,
ins_7407211,task_ODg3NTU4NTE3NDcxODA4NjA5Ng==,j_2364298,3,Failed,323210,0,m_1831,1,2,,,,
ins_669640820,task_ODg3NTU4NTE3NDcxODA4NjA5Ng==,j_2364298,3,Failed,323210,0,m_1831,1,2,,,,
ins_338368069,M1,j_3884386,1,Failed,328696,328834,m_1831,1,3,,,,
ins_886660713,M1,j_3884386,1,Failed,328697,328825,m_1831,1,4,,,,
ins_1038712450,M1,j_3884386,1,Failed,328697,328828,m_1831,1,4,,,,
ins_1038623947,M1,j_3884386,1,Failed,328835,328968,m_1831,2,4,,,,
ins_1258113684,M1,j_3884386,1,Failed,328835,328969,m_1831,2,4,,,,
ins_619048163,M1,j_3884386,1,Failed,328848,328989,m_1831,2,3,,,,
ins_1078793896,M1,j_3884386,1,Failed,328978,329117,m_1831,3,4,,,,
ins_1046162870,M1,j_3884386,1,Failed,328978,0,m_1831,2,3,,,,
ins_362630649,M1,j_3884386,1,Failed,328991,329074,m_1831,1,2,,,,
ins_356493985,M1,j_3884386,1,Failed,329077,0,m_1831,3,4,,,,
ins_693355756,J6_1_2_3_4_5,j_2130027,1,Failed,332740,332749,m_1831,1,2,,,,
ins_623235553,J6_1_2_3_4_5,j_3137473,1,Failed,332817,0,m_1831,1,2,,,,
ins_86349268,M3_2,j_2525340,1,Failed,333938,333944,m_1831,1,1,,,,
ins_1074049789,M3_2,j_932605,1,Failed,333943,333948,m_1831,1,1,,,,
ins_234154754,M3_2,j_4001396,1,Failed,333960,333966,m_1831,1,1,,,,
ins_134943559,M3_2,j_605293,1,Failed,333993,333999,m_1831,1,1,,,,
ins_948713623,M3_2,j_1880601,1,Failed,334002,334008,m_1831,1,1,,,,
ins_1313268246,M3_2,j_1510943,1,Failed,334076,334082,m_1831,1,1,,,,
ins_278015428,M3_2,j_789178,1,Failed,334146,334152,m_1831,1,1,,,,
ins_1110962818,M3_2,j_2023495,1,Failed,334152,334158,m_1831,1,1,,,,
ins_1137866306,M3_2,j_769314,1,Failed,334202,334208,m_1831,1,1,,,,
ins_738823628,M3_2,j_1105733,1,Failed,334210,0,m_1831,1,2,,,,
ins_128080722,M3_2,j_2563932,1,Failed,334273,334278,m_1831,1,1,,,,
ins_285276270,M3_2,j_4062553,1,Failed,334310,334316,m_1831,1,1,,,,
ins_161134293,M3_2,j_3148173,1,Failed,334352,334359,m_1831,1,1,,,,
ins_19966209,M3_2,j_1394804,1,Failed,334374,0,m_1831,1,2,,,,
ins_1062241278,M3_2,j_486300,1,Failed,334375,334381,m_1831,1,1,,,,
ins_14347507,M3_2,j_2007497,1,Failed,334376,334382,m_1831,1,1,,,,
ins_133545070,M3_2,j_1361056,1,Failed,334389,334394,m_1831,1,1,,,,
ins_1296116376,M3_2,j_3752676,1,Failed,334392,334398,m_1831,1,1,,,,
ins_1217322853,M3_2,j_2501489,1,Failed,334395,334402,m_1831,1,1,,,,
ins_1305993828,M3_2,j_2492830,1,Failed,334398,0,m_1831,1,2,,,,
ins_1323890555,M3_2,j_239615,1,Failed,334403,334410,m_1831,1,1,,,,
ins_511859428,M3_2,j_928426,1,Failed,334434,334440,m_1831,1,1,,,,
ins_166839011,M3_2,j_3128135,1,Failed,334435,334441,m_1831,1,1,,,,
ins_858357973,M3_2,j_443660,1,Failed,334517,334523,m_1831,1,1,,,,
ins_814478641,M3_2,j_2633002,1,Failed,334581,0,m_1831,1,2,,,,
ins_678481886,M3_2,j_205045,1,Failed,334585,334591,m_1831,1,1,,,,
ins_1193252164,M3_2,j_2077547,1,Failed,334604,0,m_1831,1,2,,,,
ins_305743242,M3_2,j_2753574,1,Failed,334607,334614,m_1831,1,1,,,,
ins_1085458595,M3_2,j_983641,1,Failed,334625,0,m_1831,1,2,,,,
ins_857653327,M3_2,j_3997101,1,Failed,334655,334662,m_1831,1,1,,,,
ins_1062708953,M3_2,j_3141328,1,Failed,334687,334693,m_1831,1,1,,,,
ins_45737005,M3_2,j_192913,1,Failed,334749,334756,m_1831,1,1,,,,
ins_801803209,M3_2,j_3379100,1,Failed,334751,0,m_1831,1,2,,,,
ins_919816114,M3_2,j_3761426,1,Failed,334768,334774,m_1831,1,1,,,,
ins_1311417433,M3_2,j_540639,1,Failed,334798,0,m_1831,1,2,,,,
ins_762010876,M3_2,j_866295,1,Failed,334799,334805,m_1831,1,1,,,,
ins_1092632127,M3_2,j_2578321,1,Failed,334873,0,m_1831,1,2,,,,
ins_303542510,M3_2,j_3665298,1,Failed,334900,0,m_1831,1,2,,,,
ins_1105794374,M3_2,j_2145732,1,Failed,334938,334945,m_1831,1,1,,,,
ins_598784731,M3_2,j_2745406,1,Failed,334959,334965,m_1831,1,1,,,,
ins_136109418,M3_2,j_2213216,1,Failed,334980,334986,m_1831,1,1,,,,
ins_548606948,M3_2,j_2516216,1,Failed,334994,335000,m_1831,1,1,,,,
ins_146880506,task_LTg0MTUwNTA5Mjg4MDkwNjIzMA==,j_1906090,10,Failed,335047,335048,m_1831,1,1,,,,
ins_1277204125,M3_2,j_1693648,1,Failed,335066,335073,m_1831,1,1,,,,
ins_1203774369,M3_2,j_598338,1,Failed,335178,335184,m_1831,1,1,,,,
ins_155877551,M3_2,j_2867328,1,Failed,335193,335198,m_1831,1,1,,,,
ins_485875996,M3_2,j_1744502,1,Failed,335197,335203,m_1831,1,1,,,,
ins_652316607,M3_2,j_2420972,1,Failed,335241,335247,m_1831,1,1,,,,
ins_173788612,M3_2,j_1483234,1,Failed,335265,335271,m_1831,1,1,,,,
ins_89979418,M3_2,j_1735146,1,Failed,335267,335273,m_1831,1,1,,,,
ins_347052874,M3_2,j_2257093,1,Failed,335309,335315,m_1831,1,1,,,,
ins_973711374,M3_2,j_3044152,1,Failed,335323,335329,m_1831,1,1,,,,
ins_453586030,M3_2,j_549304,1,Failed,335387,335393,m_1831,1,1,,,,
ins_867569245,task_LTg0MTUwNTA5Mjg4MDkwNjIzMA==,j_2082672,10,Failed,335419,335422,m_1831,1,1,,,,
ins_1185995659,M3_2,j_185191,1,Failed,335542,0,m_1831,1,2,,,,
ins_1217805181,M3_2,j_255208,1,Failed,335543,335549,m_1831,1,1,,,,
ins_657100536,M3_2,j_2680935,1,Failed,335554,335560,m_1831,1,1,,,,
ins_1237155864,M3_2,j_1597698,1,Failed,335566,335573,m_1831,1,1,,,,
ins_47439343,M3_2,j_371819,1,Failed,335567,335573,m_1831,1,1,,,,
ins_50320336,M3_2,j_208733,1,Failed,335605,335612,m_1831,1,1,,,,
ins_781988061,M3_2,j_4078954,1,Failed,335606,335612,m_1831,1,1,,,,
ins_329306608,M3_2,j_855067,1,Failed,335606,335613,m_1831,1,1,,,,
ins_721734729,M3_2,j_74173,1,Failed,335609,335614,m_1831,1,1,,,,
ins_776451748,M3_2,j_1527402,1,Failed,335639,335646,m_1831,1,1,,,,
ins_1009175807,M3_2,j_103521,1,Failed,335697,335705,m_1831,1,1,,,,
ins_638556970,M3_2,j_1445916,1,Failed,335754,335760,m_1831,1,1,,,,
ins_231540092,M3_2,j_2119906,1,Failed,335758,335764,m_1831,1,1,,,,
ins_175839080,M3_2,j_2656566,1,Failed,335776,335782,m_1831,1,1,,,,
ins_1291423538,M3_2,j_3947483,1,Failed,335780,335787,m_1831,1,1,,,,
ins_805292328,M3_2,j_2112011,1,Failed,335786,0,m_1831,1,2,,,,
ins_481575687,M3_2,j_2530574,1,Failed,335798,335805,m_1831,1,1,,,,
ins_682376323,M3_2,j_1547208,1,Failed,335801,0,m_1831,1,2,,,,
ins_223972012,M3_2,j_3246925,1,Failed,335809,335816,m_1831,1,1,,,,
ins_133758190,M3_2,j_3615499,1,Failed,335848,0,m_1831,1,2,,,,
ins_1326832156,M3_2,j_329200,1,Failed,335910,335916,m_1831,1,1,,,,
ins_1026488178,M3_2,j_1425255,1,Failed,335918,335924,m_1831,1,1,,,,
ins_376135344,M3_2,j_2619205,1,Failed,335942,335948,m_1831,1,1,,,,
ins_833874096,M3_2,j_3846185,1,Failed,336044,336050,m_1831,1,1,,,,
ins_1284869733,M3_2,j_1608544,1,Failed,336057,336063,m_1831,1,1,,,,
ins_1258279603,M3_2,j_1404362,1,Failed,336087,336094,m_1831,1,1,,,,
ins_154331445,M3_2,j_545355,1,Failed,336091,336097,m_1831,1,1,,,,
ins_1112171106,M3_2,j_2719401,1,Failed,336185,336191,m_1831,1,1,,,,
ins_939023274,M3_2,j_2068062,1,Failed,336209,336216,m_1831,1,1,,,,
ins_301151230,M3_2,j_1977803,1,Failed,336228,336234,m_1831,1,1,,,,
ins_260994715,M3_2,j_196655,1,Failed,336229,336235,m_1831,1,1,,,,
ins_461537301,M3_2,j_2033199,1,Failed,336275,336281,m_1831,1,1,,,,
ins_617112645,M3_2,j_3364259,1,Failed,336288,336294,m_1831,1,1,,,,
ins_799354822,M3_2,j_3747536,1,Failed,336303,336310,m_1831,1,1,,,,
ins_410155195,M3_2,j_3464224,1,Failed,336311,336318,m_1831,1,1,,,,
ins_33655927,M3_2,j_1124904,1,Failed,336336,336343,m_1831,1,1,,,,
ins_356895494,M3_2,j_2199663,1,Failed,336341,336347,m_1831,1,1,,,,
ins_1228833766,M3_2,j_2336300,1,Failed,336368,0,m_1831,1,2,,,,
ins_428580287,M3_2,j_1802310,1,Failed,336410,336416,m_1831,1,1,,,,
ins_358944757,M3_2,j_2752369,1,Failed,336459,336466,m_1831,1,1,,,,
ins_525231555,M3_2,j_1161318,1,Failed,336469,336475,m_1831,1,1,,,,
ins_1074545374,M3_2,j_4091072,1,Failed,336474,336479,m_1831,1,1,,,,
ins_896537960,M3_2,j_558897,1,Failed,336499,336506,m_1831,1,1,,,,
ins_473004378,M3_2,j_1798393,1,Failed,336510,336516,m_1831,1,1,,,,
ins_694427617,M3_2,j_3001462,1,Failed,336531,336537,m_1831,1,1,,,,
ins_11200421,M3_2,j_1129167,1,Failed,336540,336546,m_1831,1,1,,,,
ins_730299847,M3_2,j_742140,1,Failed,336567,336573,m_1831,1,1,,,,
ins_706123070,M3_2,j_3147863,1,Failed,336579,336585,m_1831,1,1,,,,
ins_251110783,M3_2,j_3536988,1,Failed,336586,336592,m_1831,1,1,,,,
ins_1030562970,M3_2,j_544737,1,Failed,336589,336595,m_1831,1,1,,,,
ins_977400614,M3_2,j_519202,1,Failed,336610,336616,m_1831,1,1,,,,
ins_174075210,M3_2,j_734801,1,Failed,336611,336617,m_1831,1,1,,,,
ins_1147158820,M3_2,j_1960815,1,Failed,336698,336704,m_1831,1,1,,,,
ins_698218658,M3_2,j_865544,1,Failed,336699,336705,m_1831,1,1,,,,
ins_616690047,M3_2,j_3353228,1,Failed,336709,0,m_1831,1,2,,,,
ins_574943845,M3_2,j_1668539,1,Failed,336711,336717,m_1831,1,1,,,,
ins_922928173,M3_2,j_3400423,1,Failed,336713,336720,m_1831,1,1,,,,
ins_1054831455,M3_2,j_1583322,1,Failed,336798,336804,m_1831,1,1,,,,
ins_1211532988,M3_2,j_1735633,1,Failed,336804,336810,m_1831,1,1,,,,
ins_1117552616,M3_2,j_2190316,1,Failed,336820,336826,m_1831,1,1,,,,
ins_64978941,M3_2,j_713932,1,Failed,336837,336844,m_1831,1,1,,,,
ins_768549299,M3_2,j_612610,1,Failed,336846,336852,m_1831,1,1,,,,
ins_185181168,M3_2,j_1615181,1,Failed,336853,336860,m_1831,1,1,,,,
ins_454881362,M3_2,j_1463421,1,Failed,336858,336864,m_1831,1,1,,,,
ins_1324942617,M3_2,j_2783145,1,Failed,336873,336879,m_1831,1,1,,,,
ins_629506155,M3_2,j_2179441,1,Failed,336928,0,m_1831,1,2,,,,
ins_1224696620,M3_2,j_2669718,1,Failed,336946,0,m_1831,1,2,,,,
ins_729275363,M3_2,j_2883547,1,Failed,336977,336984,m_1831,1,1,,,,
ins_675152535,M3_2,j_3864940,1,Failed,337061,337067,m_1831,1,1,,,,
ins_334104261,M3_2,j_3244561,1,Failed,337077,337084,m_1831,1,1,,,,
ins_496213414,M3_2,j_2577860,1,Failed,337078,0,m_1831,1,2,,,,
ins_251163106,M3_2,j_3924352,1,Failed,337119,337126,m_1831,1,1,,,,
ins_894962595,M3_2,j_4145848,1,Failed,337121,337127,m_1831,1,1,,,,
ins_1036555842,M3_2,j_1171034,1,Failed,337121,337127,m_1831,1,1,,,,
ins_177873464,M3_2,j_1384941,1,Failed,337138,337146,m_1831,1,1,,,,
ins_639742914,M3_2,j_186202,1,Failed,337143,337149,m_1831,1,1,,,,
ins_1206858704,M3_2,j_2887163,1,Failed,337160,337167,m_1831,1,1,,,,
ins_820872310,M3_2,j_2095648,1,Failed,337230,337236,m_1831,1,1,,,,
ins_1279188541,M3_2,j_1460788,1,Failed,337326,337332,m_1831,1,1,,,,
ins_518896145,M3_2,j_1132495,1,Failed,337358,337363,m_1831,1,1,,,,
ins_1251983366,M3_2,j_2907372,1,Failed,337393,337400,m_1831,1,1,,,,
ins_1057633917,M3_2,j_3106094,1,Failed,337407,337413,m_1831,1,1,,,,
ins_989853238,M3_2,j_4053925,1,Failed,337413,337419,m_1831,1,1,,,,
ins_880502929,M3_2,j_547624,1,Failed,337440,337446,m_1831,1,1,,,,
ins_414389943,M3_2,j_3060380,1,Failed,337449,337456,m_1831,1,1,,,,
ins_84895755,M3_2,j_2857335,1,Failed,337452,337457,m_1831,1,1,,,,
ins_992019054,M3_2,j_2109874,1,Failed,337456,337462,m_1831,1,1,,,,
ins_388443348,M3_2,j_2060762,1,Failed,337484,337490,m_1831,1,1,,,,
ins_931016311,M3_2,j_1176128,1,Failed,337511,337517,m_1831,1,1,,,,
ins_5191862,M3_2,j_2751512,1,Failed,337520,337526,m_1831,1,1,,,,
ins_1346118930,M3_2,j_1677385,1,Failed,337525,0,m_1831,1,2,,,,
ins_994424779,M3_2,j_4044142,1,Failed,337565,337571,m_1831,1,1,,,,
ins_1020598326,M3_2,j_1921812,1,Failed,337591,337597,m_1831,1,1,,,,
ins_594406344,M3_2,j_4145478,1,Failed,337635,337642,m_1831,1,1,,,,
ins_1104405239,M3_2,j_698949,1,Failed,337663,337670,m_1831,1,1,,,,
ins_255801829,M3_2,j_68728,1,Failed,337774,337780,m_1831,1,1,,,,
ins_71008441,M3_2,j_2008927,1,Failed,337783,337789,m_1831,1,1,,,,
ins_610881096,M3_2,j_201889,1,Failed,337809,337815,m_1831,1,1,,,,
ins_253023090,M3_2,j_630480,1,Failed,337832,0,m_1831,1,2,,,,
ins_1072481964,M3_2,j_2352537,1,Failed,337837,337843,m_1831,1,1,,,,
ins_768049569,M3_2,j_2160760,1,Failed,337851,337857,m_1831,1,1,,,,
ins_1264279890,M3_2,j_2645359,1,Failed,337860,337867,m_1831,1,1,,,,
ins_814181220,M3_2,j_503682,1,Failed,337883,337889,m_1831,1,1,,,,
ins_819820869,M3_2,j_224363,1,Failed,337930,337936,m_1831,1,1,,,,
ins_48399937,M3_2,j_743662,1,Failed,338015,338022,m_1831,1,1,,,,
ins_1237313718,M3_2,j_332950,1,Failed,338028,338035,m_1831,1,1,,,,
ins_1025706028,M3_2,j_388653,1,Failed,338102,338108,m_1831,1,1,,,,
ins_292161923,M3_2,j_2463844,1,Failed,338128,0,m_1831,1,2,,,,
ins_1255693057,M3_2,j_1060700,1,Failed,338133,338139,m_1831,1,1,,,,
ins_738927675,M3_2,j_2253357,1,Failed,338178,338184,m_1831,1,1,,,,
ins_483377927,M3_2,j_1858060,1,Failed,338203,338210,m_1831,1,1,,,,
ins_1122700741,M3_2,j_3535224,1,Failed,338227,0,m_1831,1,2,,,,
ins_1119629133,M3_2,j_3907044,1,Failed,338296,338302,m_1831,1,1,,,,
ins_715461912,M3_2,j_3616242,1,Failed,338304,0,m_1831,1,2,,,,
ins_511609120,M3_2,j_2589769,1,Failed,338304,0,m_1831,1,2,,,,
ins_555545355,M3_2,j_1877047,1,Failed,338314,338320,m_1831,1,1,,,,
ins_632491926,M3_2,j_1039368,1,Failed,338347,338352,m_1831,1,1,,,,
ins_254597065,M3_2,j_2697520,1,Failed,338358,338365,m_1831,1,1,,,,
ins_108831714,M3_2,j_3035132,1,Failed,338365,338371,m_1831,1,1,,,,
ins_175117991,M3_2,j_766514,1,Failed,338437,338443,m_1831,1,1,,,,
ins_1296785720,M3_2,j_2932490,1,Failed,338491,0,m_1831,1,2,,,,
ins_707537937,M3_2,j_2131358,1,Failed,338502,338508,m_1831,1,1,,,,
ins_64345576,M3_2,j_1739988,1,Failed,338510,0,m_1831,1,2,,,,
ins_388455536,M3_2,j_2704490,1,Failed,338525,338532,m_1831,1,1,,,,
ins_929206309,M3_2,j_660563,1,Failed,338538,0,m_1831,1,2,,,,
ins_1310227501,M3_2,j_474600,1,Failed,338582,0,m_1831,1,2,,,,
ins_451285547,M3_2,j_349187,1,Failed,338587,338594,m_1831,1,1,,,,
ins_712319131,M3_2,j_3866925,1,Failed,338605,338612,m_1831,1,1,,,,
ins_655825046,M3_2,j_3719025,1,Failed,338639,338647,m_1831,1,1,,,,
ins_15439455,M3_2,j_1667707,1,Failed,338646,338653,m_1831,1,1,,,,
ins_66326281,M3_2,j_3596493,1,Failed,338689,338696,m_1831,1,1,,,,
ins_913849863,M3_2,j_2938303,1,Failed,338701,338707,m_1831,1,1,,,,
ins_1066504293,M3_2,j_3742682,1,Failed,338717,338723,m_1831,1,1,,,,
ins_216825711,M3_2,j_3683321,1,Failed,338767,0,m_1831,1,2,,,,
ins_367622874,M3_2,j_3335402,1,Failed,338831,338837,m_1831,1,1,,,,
ins_686865758,M3_2,j_3226574,1,Failed,338849,338855,m_1831,1,1,,,,
ins_1139384454,M3_2,j_1474505,1,Failed,338876,338883,m_1831,1,1,,,,
ins_1139007864,J18_1_3_4_5_6_9_12_13_14_15_16_17,j_450933,1,Failed,339853,339859,m_1831,1,2,,,,
ins_164110449,M1,j_2745104,1,Failed,339900,339904,m_1831,1,1,,,,
ins_161783058,R15_14,j_2756646,1,Failed,353081,353459,m_1831,1,2,,,,
ins_686727989,J13_11_12,j_3701280,1,Failed,353562,353938,m_1831,1,2,,,,
ins_873872625,task_NTUwNzc2NzM4MjY5NTYwMDI1OA==,j_2196032,7,Failed,354777,0,m_1831,1,2,,,,
ins_1208241010,J10_8_9,j_1319992,1,Failed,357190,357192,m_1831,1,2,,,,
ins_179469375,R8_7,j_3341556,1,Failed,357389,357895,m_1831,1,2,,,,
ins_113451868,M6_3_5,j_1580537,1,Failed,360733,0,m_1831,1,2,,,,
ins_570368908,J14_2_3_4_5_9_10_11_12_13_17_18_19_20_21_22,j_3342723,1,Failed,365487,0,m_1831,1,2,,,,
ins_1011613021,M6,j_173073,1,Failed,374706,0,m_1831,1,2,,,,
ins_612675011,R10_1,j_3074094,1,Failed,375248,375646,m_1831,1,2,,,,
ins_901973944,R26_1,j_3074094,1,Failed,375250,375649,m_1831,1,2,,,,
ins_270038676,J21_1_20,j_4199477,1,Failed,375254,375644,m_1831,1,2,,,,
ins_1311033488,R6_1,j_2041408,1,Failed,375326,375660,m_1831,1,2,,,,
ins_269300831,M6,j_344465,1,Failed,376469,0,m_1831,1,2,,,,
ins_273232118,task_OTg1NjA1OTIxMzA4ODkxNg==,j_3277478,8,Failed,376481,0,m_1831,1,2,,,,
ins_370485783,J8_2_6_7,j_3088404,1,Failed,382456,382475,m_1831,1,2,,,,
ins_1116238862,task_ODYzMjgxNjM3NDU5NTUwMjc5MA==,j_2135978,8,Failed,383820,0,m_1831,1,2,,,,
ins_8491318,task_ODg3NTU4NTE3NDcxODA4NjA5Ng==,j_2370407,3,Failed,396329,0,m_1831,1,2,,,,
ins_35385248,M5,j_2016968,1,Failed,396431,0,m_1831,1,2,,,,
ins_125422809,task_ODg3NTU4NTE3NDcxODA4NjA5Ng==,j_2490246,3,Failed,397157,0,m_1831,1,2,,,,
ins_1133587415,task_ODg3NTU4NTE3NDcxODA4NjA5Ng==,j_3575115,3,Failed,397312,0,m_1831,1,2,,,,
ins_1274090617,task_ODg3NTU4NTE3NDcxODA4NjA5Ng==,j_641897,3,Failed,398004,0,m_1831,1,2,,,,
ins_343353476,J13_6_12_16,j_888106,1,Failed,425493,425497,m_1831,1,2,,,,
ins_91602150,task_OTg1NjA1OTIxMzA4ODkxNg==,j_1556889,8,Failed,436406,0,m_1831,1,2,,,,
ins_976332858,J5_2_3_4,j_3214208,1,Failed,436789,0,m_1831,1,2,,,,
ins_409898117,J10_8_9,j_3224642,1,Failed,437317,437318,m_1831,1,2,,,,
ins_624193566,J5_1_4,j_1362943,1,Failed,445596,445953,m_1831,1,2,,,,
ins_1226153942,M1,j_3447867,1,Failed,445828,0,m_1831,1,2,,,,
ins_202458959,task_NDg2ODM2NDIyMDczNDQ4NzMzOA==,j_4128152,11,Failed,449593,0,m_1831,1,2,,,,
ins_572041671,task_ODg3NTU4NTE3NDcxODA4NjA5Ng==,j_3082665,3,Failed,459783,0,m_1831,1,2,,,,
ins_1093349475,J8_4_7,j_658741,1,Failed,461079,461755,m_1831,1,2,,,,
ins_965567071,J3_1_2,j_2848527,1,Failed,461105,461517,m_1831,1,2,,,,
ins_991082984,M2_1,j_2688554,1,Failed,461453,0,m_1831,1,2,,,,
ins_353790377,M6,j_733897,1,Failed,461688,0,m_1831,1,2,,,,
ins_579857948,M2_1,j_733897,1,Failed,462095,0,m_1831,1,2,,,,
ins_271602126,M6,j_3277571,1,Failed,462471,0,m_1831,1,2,,,,
ins_683462055,M6,j_3277571,1,Failed,462471,0,m_1831,1,2,,,,
ins_554277030,M2,j_2177905,1,Failed,463329,463868,m_1831,1,2,,,,
ins_1339453511,M3_2,j_2294163,1,Failed,466344,0,m_1831,1,2,,,,
ins_685146360,M4_3,j_2247127,1,Failed,476869,0,m_1831,1,2,,,,
ins_197259989,M4_3,j_2247127,1,Failed,476869,0,m_1831,1,2,,,,
ins_1315962649,M4_3,j_2247127,1,Failed,476872,0,m_1831,1,2,,,,
ins_923641217,task_ODYzMjgxNjM3NDU5NTUwMjc5MA==,j_1299004,8,Failed,487466,487478,m_1831,1,4,,,,
ins_71043366,task_ODYzMjgxNjM3NDU5NTUwMjc5MA==,j_1299004,8,Failed,487485,487492,m_1831,2,3,,,,
ins_97188619,task_ODYzMjgxNjM3NDU5NTUwMjc5MA==,j_1299004,8,Failed,487495,487503,m_1831,4,4,,,,
ins_561553644,M1,j_1544992,1,Failed,487746,0,m_1831,1,2,,,,
ins_345049878,M14,j_3121573,1,Failed,488939,488965,m_1831,1,2,,,,
ins_1235518469,M1,j_2109726,1,Failed,502806,502923,m_1831,1,4,,,,
ins_755960885,M1,j_2109726,1,Failed,502925,503026,m_1831,2,4,,,,
ins_796037442,M1,j_2109726,1,Failed,503030,503128,m_1831,3,4,,,,
ins_255658132,M1,j_2746172,1,Failed,504344,504469,m_1831,1,4,,,,
ins_223423867,M1,j_2746172,1,Failed,504474,504574,m_1831,2,4,,,,
ins_904079614,M1,j_2746172,1,Failed,504580,504683,m_1831,3,4,,,,
ins_1322569000,M1,j_3178586,1,Failed,505151,505269,m_1831,1,5,,,,
ins_893626398,M1,j_3178586,1,Failed,505270,505370,m_1831,2,5,,,,
ins_634398169,M1,j_3178586,1,Failed,505375,505474,m_1831,3,5,,,,
ins_651392076,M1,j_3178586,1,Failed,505481,0,m_1831,4,5,,,,
ins_155036158,M1,j_345510,1,Failed,506358,506476,m_1831,1,3,,,,
ins_161386856,M1,j_345510,1,Failed,506478,506583,m_1831,2,3,,,,
ins_1098897977,M1,j_4069746,1,Failed,506708,506826,m_1831,1,4,,,,
ins_1228541446,M1,j_4069746,1,Failed,506828,506929,m_1831,2,4,,,,
ins_864772803,M1,j_4069746,1,Failed,506933,507032,m_1831,3,4,,,,
ins_1284728885,M1,j_2691344,1,Failed,507246,507357,m_1831,1,4,,,,
ins_716552759,M1,j_2691344,1,Failed,507365,507462,m_1831,2,4,,,,
ins_723396189,M1,j_2691344,1,Failed,507472,507572,m_1831,3,4,,,,
ins_1058050248,task_LTYxMjEzOTY4MDkyNzc3MDY0Njg=,j_261838,11,Failed,508274,508274,m_1831,1,1,,,,
ins_93003544,R3_1_2,j_2339759,1,Failed,515827,516204,m_1831,1,3,,,,
ins_93003544,R3_1_2,j_2339759,1,Failed,516213,516591,m_1831,2,3,,,,
ins_111353861,J14_6_13,j_2517618,1,Failed,516238,516617,m_1831,2,3,,,,
ins_1160361008,M1,j_116556,1,Failed,529010,529013,m_1831,1,2,,,,
ins_674532276,task_ODg3NTU4NTE3NDcxODA4NjA5Ng==,j_3678239,3,Failed,545822,0,m_1831,1,2,,,,
ins_67836324,task_ODg3NTU4NTE3NDcxODA4NjA5Ng==,j_3289582,3,Failed,549737,0,m_1831,1,2,,,,
ins_1042013991,task_MzQwMDQzNjY0MzkwNzU2ODYyMg==,j_686344,12,Failed,557403,557421,m_1831,1,7,,,,
ins_1045194513,task_MzQwMDQzNjY0MzkwNzU2ODYyMg==,j_686344,12,Failed,557405,557421,m_1831,1,7,,,,
ins_288011157,task_MzQwMDQzNjY0MzkwNzU2ODYyMg==,j_686344,12,Failed,557406,557422,m_1831,1,7,,,,
ins_1273597974,task_MzQwMDQzNjY0MzkwNzU2ODYyMg==,j_686344,12,Failed,557431,557450,m_1831,2,7,,,,
ins_1042779401,task_MzQwMDQzNjY0MzkwNzU2ODYyMg==,j_686344,12,Failed,557431,557448,m_1831,2,7,,,,
ins_1327824935,task_MzQwMDQzNjY0MzkwNzU2ODYyMg==,j_686344,12,Failed,557433,557450,m_1831,2,6,,,,
ins_1249643918,task_MzQwMDQzNjY0MzkwNzU2ODYyMg==,j_686344,12,Failed,557455,557484,m_1831,3,7,,,,
ins_1282386965,task_MzQwMDQzNjY0MzkwNzU2ODYyMg==,j_686344,12,Failed,557455,557473,m_1831,3,7,,,,
ins_206061540,task_MzQwMDQzNjY0MzkwNzU2ODYyMg==,j_686344,12,Failed,557456,557475,m_1831,3,7,,,,
ins_685637042,task_MzQwMDQzNjY0MzkwNzU2ODYyMg==,j_686344,12,Failed,557479,557496,m_1831,4,7,,,,
ins_548782161,task_MzQwMDQzNjY0MzkwNzU2ODYyMg==,j_686344,12,Failed,557480,557497,m_1831,4,7,,,,
ins_904812034,task_MzQwMDQzNjY0MzkwNzU2ODYyMg==,j_686344,12,Failed,557491,557508,m_1831,4,6,,,,
ins_1204580685,task_MzQwMDQzNjY0MzkwNzU2ODYyMg==,j_686344,12,Failed,557505,557522,m_1831,5,7,,,,
ins_314449372,task_MzQwMDQzNjY0MzkwNzU2ODYyMg==,j_686344,12,Failed,557506,557522,m_1831,5,7,,,,
ins_305750772,task_MzQwMDQzNjY0MzkwNzU2ODYyMg==,j_686344,12,Failed,557518,557534,m_1831,6,7,,,,
ins_807234194,task_MzQwMDQzNjY0MzkwNzU2ODYyMg==,j_686344,12,Failed,557530,557547,m_1831,6,7,,,,
ins_541770869,task_MzQwMDQzNjY0MzkwNzU2ODYyMg==,j_686344,12,Failed,557531,557547,m_1831,6,7,,,,
ins_834114553,task_ODg3NTU4NTE3NDcxODA4NjA5Ng==,j_1187568,3,Failed,558250,0,m_1831,1,2,,,,
ins_1065294998,M1,j_2410723,1,Failed,559705,0,m_1831,1,2,,,,
ins_1014360369,M4_3,j_4008670,1,Failed,562996,0,m_1831,1,2,,,,
ins_337557283,M4_3,j_4008670,1,Failed,562996,0,m_1831,1,2,,,,
ins_1239117602,M1,j_2695577,1,Failed,565217,0,m_1831,1,1,,,,
ins_78871622,R3_2,j_2675969,1,Failed,569085,569089,m_1831,1,2,,,,
ins_1261399017,M17,j_1111415,1,Failed,569555,0,m_1831,1,2,,,,
ins_131967209,M4_3,j_1154698,1,Failed,569630,0,m_1831,1,2,,,,
ins_251854270,M1,j_3923063,1,Failed,569691,0,m_1831,1,2,,,,
ins_1326597676,M1,j_3925429,1,Failed,569982,569987,m_1831,1,1,,,,
ins_71751574,M1,j_87994,1,Failed,574818,0,m_1831,1,2,,,,
ins_484745087,M1,j_87994,1,Failed,574818,0,m_1831,1,2,,,,
ins_887997865,M1,j_87994,1,Failed,574818,0,m_1831,1,2,,,,
ins_822328877,M7,j_863059,1,Failed,574831,0,m_1831,1,2,,,,
ins_1222749565,M7,j_4051376,1,Failed,574906,0,m_1831,1,2,,,,
ins_154154145,M7,j_4004783,1,Failed,574917,0,m_1831,1,2,,,,
ins_1202732343,M1,j_1618497,1,Failed,574988,0,m_1831,1,2,,,,
ins_1221936012,M1,j_1618497,1,Failed,574988,0,m_1831,1,2,,,,
ins_274992110,M1,j_1618497,1,Failed,574989,0,m_1831,1,2,,,,
ins_535617041,M7,j_1618497,1,Failed,574991,0,m_1831,1,2,,,,
ins_1209161077,M7,j_1618497,1,Failed,574992,0,m_1831,1,2,,,,
ins_112365774,M7,j_2617820,1,Failed,575013,0,m_1831,1,2,,,,
ins_803193821,M7,j_2617820,1,Failed,575017,0,m_1831,1,2,,,,
ins_1067254936,M7,j_2617820,1,Failed,575019,0,m_1831,1,2,,,,
ins_559977989,M1,j_256169,1,Failed,575137,0,m_1831,1,2,,,,
ins_5903664,M1,j_256169,1,Failed,575138,0,m_1831,1,2,,,,
ins_1207938126,M1,j_256169,1,Failed,575139,0,m_1831,1,2,,,,
ins_201475480,M7,j_256169,1,Failed,575140,0,m_1831,1,2,,,,
ins_1062366915,M7,j_3998814,1,Failed,575147,0,m_1831,1,2,,,,
ins_828631023,J3_1_2,j_2426577,1,Failed,578150,578174,m_1831,1,4,,,,
ins_607812924,J3_1_2,j_2426577,1,Failed,578176,578200,m_1831,2,4,,,,
ins_1044009012,J3_1_2,j_2426577,1,Failed,578206,578231,m_1831,3,4,,,,
ins_194936158,task_LTg0MTUwNTA5Mjg4MDkwNjIzMA==,j_4110805,10,Failed,578504,578506,m_1831,1,1,,,,
ins_928083433,J3_1_2,j_3962379,1,Failed,578528,578552,m_1831,1,4,,,,
ins_678647392,J3_1_2,j_3962379,1,Failed,578558,578583,m_1831,2,4,,,,
ins_471410853,J3_1_2,j_3962379,1,Failed,578589,578612,m_1831,3,4,,,,
ins_736498622,M2,j_203707,1,Failed,579185,0,m_1831,1,2,,,,
ins_235841307,M5,j_836535,1,Failed,579193,0,m_1831,1,2,,,,
ins_425510327,M5,j_836535,1,Failed,579195,0,m_1831,1,2,,,,
ins_1067407343,M5,j_2282627,1,Failed,581844,0,m_1831,1,2,,,,
ins_96570756,M5,j_2403423,1,Failed,581918,0,m_1831,1,2,,,,
ins_994626849,M5,j_2403423,1,Failed,581919,0,m_1831,1,2,,,,
ins_338361458,M5,j_2378555,1,Failed,581920,0,m_1831,1,2,,,,
ins_190424766,M5,j_2647924,1,Failed,581927,0,m_1831,1,2,,,,
ins_119990307,M5,j_2647924,1,Failed,581928,0,m_1831,1,2,,,,
ins_1199832703,M2,j_3924268,1,Failed,581929,0,m_1831,1,2,,,,
ins_11651483,M7,j_2260860,1,Failed,582489,0,m_1831,1,2,,,,
ins_951429688,M7,j_1728259,1,Failed,582493,0,m_1831,1,2,,,,
ins_251283010,M7,j_1728259,1,Failed,582494,0,m_1831,1,2,,,,
ins_398579024,M1,j_3441260,1,Failed,583096,0,m_1831,1,2,,,,
ins_1250754300,M2,j_981306,1,Failed,583607,0,m_1831,1,2,,,,
ins_832987845,M5,j_3817111,1,Failed,583609,0,m_1831,1,2,,,,
ins_895129748,M5,j_3817111,1,Failed,583610,0,m_1831,1,2,,,,
ins_376743805,M5,j_481775,1,Failed,583665,0,m_1831,1,2,,,,
ins_414355885,M2,j_3280654,1,Failed,583669,0,m_1831,1,2,,,,
ins_238848763,M5,j_4063440,1,Failed,583744,0,m_1831,1,2,,,,
ins_677000031,M5,j_4063440,1,Failed,583745,0,m_1831,1,2,,,,
ins_178772700,M2,j_3933613,1,Failed,583752,0,m_1831,1,2,,,,
ins_764276426,M2,j_3933613,1,Failed,583752,0,m_1831,1,2,,,,
ins_1195338502,M5,j_1334700,1,Failed,583754,0,m_1831,1,2,,,,
ins_17394910,M1,j_3749497,1,Failed,585012,0,m_1831,1,2,,,,
ins_565107743,M1,j_3749497,1,Failed,585013,0,m_1831,1,2,,,,
ins_487653322,M1,j_1328930,1,Failed,585383,0,m_1831,1,2,,,,
ins_841805504,M1,j_1328930,1,Failed,585384,0,m_1831,1,2,,,,
ins_275490028,M1,j_549588,1,Failed,585438,0,m_1831,1,2,,,,
ins_797490803,M1,j_292252,1,Failed,587419,0,m_1831,1,2,,,,
ins_826456729,task_LTg0MTUwNTA5Mjg4MDkwNjIzMA==,j_1728353,10,Failed,591109,591110,m_1831,1,1,,,,
ins_213595491,task_LTg0MTUwNTA5Mjg4MDkwNjIzMA==,j_3048524,10,Failed,592211,592214,m_1831,1,1,,,,
ins_1140230857,task_LTg0MTUwNTA5Mjg4MDkwNjIzMA==,j_3313095,10,Failed,592547,592548,m_1831,1,1,,,,
ins_741699550,task_LTg0MTUwNTA5Mjg4MDkwNjIzMA==,j_396188,10,Failed,593007,593007,m_1831,1,1,,,,
ins_655007375,task_NzkwNTc4MjA2ODI2MzE3NzU4MQ==,j_2212929,11,Failed,594181,0,m_1831,1,2,,,,
ins_403688418,task_LTg0MTUwNTA5Mjg4MDkwNjIzMA==,j_1185878,10,Failed,594200,594202,m_1831,1,1,,,,
ins_329635788,J13_6_12_16,j_1955240,1,Failed,595557,595560,m_1831,1,2,,,,
ins_1049201967,task_LTg0MTUwNTA5Mjg4MDkwNjIzMA==,j_1217151,10,Failed,597137,597138,m_1831,1,1,,,,
ins_945447321,M9,j_3257250,1,Failed,600419,0,m_1831,1,2,,,,
ins_1222161413,M2_1,j_2593279,1,Failed,605615,0,m_1831,1,2,,,,
ins_994838128,M6,j_4185435,1,Failed,633859,0,m_1831,1,2,,,,
ins_113725718,M2_1,j_1960205,1,Failed,635444,0,m_1831,1,2,,,,
ins_1046160147,M6,j_908450,1,Failed,635723,0,m_1831,1,2,,,,
ins_1260283726,M6,j_908450,1,Failed,635723,0,m_1831,1,2,,,,
ins_258612728,J16_6_10_15,j_1517049,1,Failed,639254,0,m_1831,1,2,,,,
ins_1314708077,J8_7_12,j_3160694,1,Failed,645308,645684,m_1831,1,2,,,,
ins_522900319,R2_1,j_3839419,1,Failed,646059,646060,m_1831,1,2,,,,
ins_519052801,M4_3,j_1212130,1,Failed,649524,0,m_1831,1,2,,,,
ins_1086959434,task_LTM1MDg2NzQ2MzE3ODcwMzc0NTQ=,j_633466,8,Failed,657896,0,m_1831,1,2,,,,
ins_1112468914,task_LTM1MDg2NzQ2MzE3ODcwMzc0NTQ=,j_633466,8,Failed,657896,0,m_1831,1,2,,,,
ins_1322704568,task_LTM1MDg2NzQ2MzE3ODcwMzc0NTQ=,j_3297205,8,Failed,658225,0,m_1831,1,2,,,,
ins_90463129,task_LTM1MDg2NzQ2MzE3ODcwMzc0NTQ=,j_3297205,8,Failed,658225,0,m_1831,1,2,,,,
ins_936134134,R3_2,j_301134,1,Failed,670182,0,m_1831,1,2,,,,
ins_952787253,J14_3_4_5_6_7_8_9_10_11_12_13,j_1730068,1,Failed,670405,670752,m_1831,1,2,,,,
ins_754503523,J8_1_3_4_7,j_523970,1,Failed,674709,674731,m_1831,2,4,,,,
ins_1198662755,J8_1_3_4_7,j_523970,1,Failed,674733,674759,m_1831,3,4,,,,
ins_27133364,J16_6_10_15,j_15781,1,Failed,678952,0,m_1831,1,2,,,,
ins_978181334,R2_1,j_722962,1,Failed,682861,683300,m_1831,1,2,,,,
