  9347	c_1807,m_4026,0,app_1185,started,400,400,1.56
  9348	c_1807,m_4026,285201,app_1185,started,400,400,1.56
  9349	c_1807,m_4026,317233,app_1185,started,400,400,1.56
 19633	c_3792,m_4026,0,app_1868,started,400,400,1.56
 19634	c_3792,m_4026,285201,app_1868,started,400,400,1.56
 19635	c_3792,m_4026,317233,app_1868,started,400,400,1.56
 45021	c_8702,m_4026,0,app_1095,started,400,400,1.56
 45022	c_8702,m_4026,285201,app_1095,started,400,400,1.56
 45023	c_8702,m_4026,317233,app_1095,started,400,400,1.56
 45024	c_8702,m_4026,573532,app_1095,started,400,400,1.56
 52959	c_10229,m_4026,0,app_4721,started,400,400,1.56
 52960	c_10229,m_4026,285201,app_4721,started,400,400,1.56
 52961	c_10229,m_4026,317233,app_4721,started,400,400,1.56
 53974	c_10422,m_4026,0,app_2466,started,400,400,1.56
 53975	c_10422,m_4026,285201,app_2466,started,400,400,1.56
 53976	c_10422,m_4026,317234,app_2466,started,400,400,1.56
 67393	c_12985,m_4026,0,app_6163,started,400,400,1.56
 67394	c_12985,m_4026,285201,app_6163,started,400,400,1.56
 67395	c_12985,m_4026,317233,app_6163,started,400,400,1.56
 75340	c_14526,m_4026,0,app_874,started,400,400,1.56
 75341	c_14526,m_4026,285201,app_874,started,400,400,1.56
 75342	c_14526,m_4026,317233,app_874,started,400,400,1.56
 77276	c_14897,m_4026,0,app_6858,started,800,800,3.13
 77277	c_14897,m_4026,285201,app_6858,started,800,800,3.13
 77278	c_14897,m_4026,317234,app_6858,started,800,800,3.13
 82574	c_15920,m_4026,0,app_7330,started,400,400,1.56
 82575	c_15920,m_4026,285201,app_7330,started,400,400,1.56
 82576	c_15920,m_4026,317234,app_7330,started,400,400,1.56
 83482	c_16094,m_4026,0,app_3294,started,400,400,1.56
 83483	c_16094,m_4026,285201,app_3294,started,400,400,1.56
 83484	c_16094,m_4026,317234,app_3294,started,400,400,1.56
 93441	c_18014,m_4026,0,app_5017,started,400,400,1.56
 93442	c_18014,m_4026,285201,app_5017,started,400,400,1.56
 93443	c_18014,m_4026,317233,app_5017,started,400,400,1.56
 93444	c_18014,m_4026,451612,app_5017,started,400,400,1.56
 93445	c_18014,m_4026,573532,app_5017,started,400,400,1.56
 94294	c_18178,m_4026,0,app_8107,started,400,400,1.56
 94295	c_18178,m_4026,285201,app_8107,started,400,400,1.56
 94296	c_18178,m_4026,317233,app_8107,started,400,400,1.56
105698	c_20394,m_4026,0,app_4784,started,400,400,1.56
105699	c_20394,m_4026,285201,app_4784,started,400,400,1.56
105700	c_20394,m_4026,317234,app_4784,started,400,400,1.56
112350	c_21685,m_4026,0,app_5526,started,400,400,1.56
112351	c_21685,m_4026,285201,app_5526,started,400,400,1.56
112352	c_21685,m_4026,317234,app_5526,started,400,400,1.56
118012	c_22789,m_4026,0,app_8456,started,400,400,1.56
118013	c_22789,m_4026,285201,app_8456,started,400,400,1.56
118014	c_22789,m_4026,317233,app_8456,started,400,400,1.56
162773	c_31391,m_4026,0,app_5738,started,400,400,1.56
162774	c_31391,m_4026,285201,app_5738,started,400,400,1.56
162775	c_31391,m_4026,317234,app_5738,started,400,400,1.56
166874	c_32183,m_4026,0,app_7419,started,400,400,1.56
166875	c_32183,m_4026,285201,app_7419,started,400,400,1.56
166876	c_32183,m_4026,317234,app_7419,started,400,400,1.56
217089	c_41863,m_4026,0,app_9228,started,400,400,1.56
217090	c_41863,m_4026,285201,app_9228,started,400,400,1.56
217091	c_41863,m_4026,317233,app_9228,started,400,400,1.56
225431	c_43472,m_4026,0,app_9788,started,400,400,1.56
225432	c_43472,m_4026,285201,app_9788,started,400,400,1.56
225433	c_43472,m_4026,317234,app_9788,started,400,400,1.56
231933	c_44730,m_4026,0,app_3756,started,1600,1600,6.25
231934	c_44730,m_4026,285201,app_3756,started,1600,1600,6.25
231935	c_44730,m_4026,317234,app_3756,started,1600,1600,6.25
263528	c_50831,m_4026,0,app_1207,started,400,400,3.13
263529	c_50831,m_4026,285201,app_1207,started,400,400,3.13
263530	c_50831,m_4026,317233,app_1207,started,400,400,3.13
263731	c_50870,m_4026,0,app_9695,started,400,400,1.56
263732	c_50870,m_4026,285201,app_9695,started,400,400,1.56
263733	c_50870,m_4026,317234,app_9695,started,400,400,1.56
295912	c_57136,m_4026,0,app_8509,started,400,400,1.56
295913	c_57136,m_4026,285201,app_8509,started,400,400,1.56
295914	c_57136,m_4026,317233,app_8509,started,400,400,1.56
296340	c_57219,m_4026,0,app_5304,started,400,400,1.56
296341	c_57219,m_4026,285201,app_5304,started,400,400,1.56
296342	c_57219,m_4026,317234,app_5304,started,400,400,1.56
301578	c_58233,m_4026,0,app_8288,started,400,400,1.56
301579	c_58233,m_4026,285201,app_8288,started,400,400,1.56
301580	c_58233,m_4026,317234,app_8288,started,400,400,1.56
305640	c_59011,m_4026,0,app_6532,started,400,400,1.56
305641	c_59011,m_4026,285201,app_6532,started,400,400,1.56
305642	c_59011,m_4026,317233,app_6532,started,400,400,1.56
306397	c_59169,m_4026,0,app_5744,started,400,400,1.56
306398	c_59169,m_4026,285201,app_5744,started,400,400,1.56
306399	c_59169,m_4026,317234,app_5744,started,400,400,1.56
306400	c_59169,m_4026,451612,app_5744,started,400,400,1.56
307141	c_59315,m_4026,0,app_4106,started,400,400,1.56
307142	c_59315,m_4026,285201,app_4106,started,400,400,1.56
307143	c_59315,m_4026,317234,app_4106,started,400,400,1.56
332661	c_64192,m_4026,0,app_6867,started,400,400,1.56
332662	c_64192,m_4026,285201,app_6867,started,400,400,1.56
332663	c_64192,m_4026,317233,app_6867,started,400,400,1.56
332664	c_64192,m_4026,451612,app_6867,started,400,400,1.56
